kommuntyp,villkor,utfall,antal_rader,villkor_rader,regel_rader,villkor_ar,regel_ar,support,confidence,basfrekvens,lift,skillnad_mot_bas,godkand_traning,villkor_text
A,"('bnp_lag1=vid_eller_over_trend', 'konsumtion_lag1=under_trend')",okning,552,92,62,2,2,0.11231884057971014,0.6739130434782609,0.4963768115942029,1.3576642335766425,0.17753623188405798,False,bnp_lag1=vid_eller_over_trend & konsumtion_lag1=under_trend
A,"('bnp_lag1=vid_eller_over_trend', 'sysselsattning_lag1=under_trend')",okning,552,138,87,3,3,0.15760869565217392,0.6304347826086957,0.4963768115942029,1.27007299270073,0.1340579710144928,True,bnp_lag1=vid_eller_over_trend & sysselsattning_lag1=under_trend
A,"('bnp_lag1=vid_eller_over_trend',)",okning,552,230,134,5,5,0.2427536231884058,0.5826086956521739,0.4963768115942029,1.1737226277372264,0.086231884057971,False,bnp_lag1=vid_eller_over_trend
A,"('bnp_lag1=under_trend',)",minskning,552,322,178,7,7,0.322463768115942,0.5527950310559007,0.49094202898550726,1.1259884027411704,0.061853002070393404,False,bnp_lag1=under_trend
A,"('bnp_lag1=under_trend', 'konsumtion_lag1=under_trend')",minskning,552,322,178,7,7,0.322463768115942,0.5527950310559007,0.49094202898550726,1.1259884027411704,0.061853002070393404,False,bnp_lag1=under_trend & konsumtion_lag1=under_trend
A,"('bnp_lag1=under_trend', 'sysselsattning_lag1=under_trend')",minskning,552,322,178,7,7,0.322463768115942,0.5527950310559007,0.49094202898550726,1.1259884027411704,0.061853002070393404,False,bnp_lag1=under_trend & sysselsattning_lag1=under_trend
A,"('bnp_lag1=vid_eller_over_trend', 'konsumtion_lag1=vid_eller_over_trend')",okning,552,138,72,3,3,0.13043478260869565,0.5217391304347826,0.4963768115942029,1.051094890510949,0.025362318840579712,False,bnp_lag1=vid_eller_over_trend & konsumtion_lag1=vid_eller_over_trend
A,"('konsumtion_lag1=vid_eller_over_trend',)",okning,552,138,72,3,3,0.13043478260869565,0.5217391304347826,0.4963768115942029,1.051094890510949,0.025362318840579712,False,konsumtion_lag1=vid_eller_over_trend
A,"('bnp_lag1=vid_eller_over_trend', 'sysselsattning_lag1=vid_eller_over_trend')",okning,552,92,47,2,2,0.08514492753623189,0.5108695652173914,0.4963768115942029,1.029197080291971,0.01449275362318847,False,bnp_lag1=vid_eller_over_trend & sysselsattning_lag1=vid_eller_over_trend
A,"('konsumtion_lag1=vid_eller_over_trend', 'sysselsattning_lag1=vid_eller_over_trend')",okning,552,92,47,2,2,0.08514492753623189,0.5108695652173914,0.4963768115942029,1.029197080291971,0.01449275362318847,False,konsumtion_lag1=vid_eller_over_trend & sysselsattning_lag1=vid_eller_over_trend
A,"('sysselsattning_lag1=vid_eller_over_trend',)",okning,552,92,47,2,2,0.08514492753623189,0.5108695652173914,0.4963768115942029,1.029197080291971,0.01449275362318847,False,sysselsattning_lag1=vid_eller_over_trend
A,"('konsumtion_lag1=under_trend',)",minskning,552,414,207,9,9,0.375,0.5,0.49094202898550726,1.018450184501845,0.009057971014492738,False,konsumtion_lag1=under_trend
A,"('konsumtion_lag1=under_trend', 'sysselsattning_lag1=under_trend')",minskning,552,414,207,9,9,0.375,0.5,0.49094202898550726,1.018450184501845,0.009057971014492738,False,konsumtion_lag1=under_trend & sysselsattning_lag1=under_trend
A,"('sysselsattning_lag1=under_trend',)",minskning,552,460,226,10,10,0.40942028985507245,0.49130434782608695,0.49094202898550726,1.0007380073800738,0.00036231884057968955,False,sysselsattning_lag1=under_trend
A,"('bnp_lag1=vid_eller_over_trend', 'sysselsattning_lag1=vid_eller_over_trend')",minskning,552,92,45,2,2,0.08152173913043478,0.4891304347826087,0.49094202898550726,0.9963099630996309,-0.0018115942028985588,False,bnp_lag1=vid_eller_over_trend & sysselsattning_lag1=vid_eller_over_trend
A,"('konsumtion_lag1=vid_eller_over_trend', 'sysselsattning_lag1=vid_eller_over_trend')",minskning,552,92,45,2,2,0.08152173913043478,0.4891304347826087,0.49094202898550726,0.9963099630996309,-0.0018115942028985588,False,konsumtion_lag1=vid_eller_over_trend & sysselsattning_lag1=vid_eller_over_trend
A,"('sysselsattning_lag1=vid_eller_over_trend',)",minskning,552,92,45,2,2,0.08152173913043478,0.4891304347826087,0.49094202898550726,0.9963099630996309,-0.0018115942028985588,False,sysselsattning_lag1=vid_eller_over_trend
A,"('sysselsattning_lag1=under_trend',)",okning,552,460,227,10,10,0.411231884057971,0.4934782608695652,0.4963768115942029,0.9941605839416059,-0.002898550724637683,False,sysselsattning_lag1=under_trend
A,"('konsumtion_lag1=under_trend',)",okning,552,414,202,9,9,0.36594202898550726,0.48792270531400966,0.4963768115942029,0.9829683698296837,-0.008454106280193219,False,konsumtion_lag1=under_trend
A,"('konsumtion_lag1=under_trend', 'sysselsattning_lag1=under_trend')",okning,552,414,202,9,9,0.36594202898550726,0.48792270531400966,0.4963768115942029,0.9829683698296837,-0.008454106280193219,False,konsumtion_lag1=under_trend & sysselsattning_lag1=under_trend
A,"('bnp_lag1=vid_eller_over_trend', 'konsumtion_lag1=vid_eller_over_trend')",minskning,552,138,64,3,3,0.11594202898550725,0.463768115942029,0.49094202898550726,0.9446494464944649,-0.02717391304347827,False,bnp_lag1=vid_eller_over_trend & konsumtion_lag1=vid_eller_over_trend
A,"('konsumtion_lag1=vid_eller_over_trend',)",minskning,552,138,64,3,3,0.11594202898550725,0.463768115942029,0.49094202898550726,0.9446494464944649,-0.02717391304347827,False,konsumtion_lag1=vid_eller_over_trend
A,"('bnp_lag1=under_trend',)",okning,552,322,140,7,7,0.2536231884057971,0.43478260869565216,0.4963768115942029,0.8759124087591241,-0.06159420289855072,False,bnp_lag1=under_trend
A,"('bnp_lag1=under_trend', 'konsumtion_lag1=under_trend')",okning,552,322,140,7,7,0.2536231884057971,0.43478260869565216,0.4963768115942029,0.8759124087591241,-0.06159420289855072,False,bnp_lag1=under_trend & konsumtion_lag1=under_trend
A,"('bnp_lag1=under_trend', 'sysselsattning_lag1=under_trend')",okning,552,322,140,7,7,0.2536231884057971,0.43478260869565216,0.4963768115942029,0.8759124087591241,-0.06159420289855072,False,bnp_lag1=under_trend & sysselsattning_lag1=under_trend
A,"('bnp_lag1=vid_eller_over_trend',)",minskning,552,230,93,5,5,0.16847826086956522,0.4043478260869565,0.49094202898550726,0.8236162361623616,-0.08659420289855074,False,bnp_lag1=vid_eller_over_trend
A,"('bnp_lag1=vid_eller_over_trend', 'sysselsattning_lag1=under_trend')",minskning,552,138,48,3,3,0.08695652173913043,0.34782608695652173,0.49094202898550726,0.7084870848708487,-0.14311594202898553,False,bnp_lag1=vid_eller_over_trend & sysselsattning_lag1=under_trend
A,"('bnp_lag1=vid_eller_over_trend', 'konsumtion_lag1=under_trend')",minskning,552,92,29,2,2,0.05253623188405797,0.31521739130434784,0.49094202898550726,0.6420664206642066,-0.17572463768115942,False,bnp_lag1=vid_eller_over_trend & konsumtion_lag1=under_trend
B,"('bnp_lag1=vid_eller_over_trend', 'konsumtion_lag1=under_trend')",okning,1300,217,133,2,2,0.10230769230769231,0.6129032258064516,0.53,1.1564211807668898,0.0829032258064516,False,bnp_lag1=vid_eller_over_trend & konsumtion_lag1=under_trend
B,"('bnp_lag1=vid_eller_over_trend', 'sysselsattning_lag1=under_trend')",okning,1300,325,192,3,3,0.1476923076923077,0.5907692307692308,0.53,1.1146589259796806,0.0607692307692308,False,bnp_lag1=vid_eller_over_trend & sysselsattning_lag1=under_trend
B,"('bnp_lag1=vid_eller_over_trend',)",okning,1300,541,311,5,5,0.23923076923076922,0.5748613678373382,0.53,1.0846440902591286,0.044861367837338184,False,bnp_lag1=vid_eller_over_trend
B,"('bnp_lag1=under_trend',)",minskning,1300,759,363,7,7,0.2792307692307692,0.4782608695652174,0.44846153846153847,1.066447908121411,0.02979933110367894,False,bnp_lag1=under_trend
B,"('bnp_lag1=under_trend', 'konsumtion_lag1=under_trend')",minskning,1300,759,363,7,7,0.2792307692307692,0.4782608695652174,0.44846153846153847,1.066447908121411,0.02979933110367894,False,bnp_lag1=under_trend & konsumtion_lag1=under_trend
B,"('bnp_lag1=under_trend', 'sysselsattning_lag1=under_trend')",minskning,1300,759,363,7,7,0.2792307692307692,0.4782608695652174,0.44846153846153847,1.066447908121411,0.02979933110367894,False,bnp_lag1=under_trend & sysselsattning_lag1=under_trend
B,"('bnp_lag1=vid_eller_over_trend', 'sysselsattning_lag1=vid_eller_over_trend')",okning,1300,216,119,2,2,0.09153846153846154,0.5509259259259259,0.53,1.0394828791055206,0.020925925925925903,False,bnp_lag1=vid_eller_over_trend & sysselsattning_lag1=vid_eller_over_trend
B,"('konsumtion_lag1=vid_eller_over_trend', 'sysselsattning_lag1=vid_eller_over_trend')",okning,1300,216,119,2,2,0.09153846153846154,0.5509259259259259,0.53,1.0394828791055206,0.020925925925925903,False,konsumtion_lag1=vid_eller_over_trend & sysselsattning_lag1=vid_eller_over_trend
B,"('sysselsattning_lag1=vid_eller_over_trend',)",okning,1300,216,119,2,2,0.09153846153846154,0.5509259259259259,0.53,1.0394828791055206,0.020925925925925903,False,sysselsattning_lag1=vid_eller_over_trend
B,"('bnp_lag1=vid_eller_over_trend', 'konsumtion_lag1=vid_eller_over_trend')",okning,1300,324,178,3,3,0.13692307692307693,0.5493827160493827,0.53,1.0365711623573257,0.019382716049382687,False,bnp_lag1=vid_eller_over_trend & konsumtion_lag1=vid_eller_over_trend
B,"('konsumtion_lag1=vid_eller_over_trend',)",okning,1300,324,178,3,3,0.13692307692307693,0.5493827160493827,0.53,1.0365711623573257,0.019382716049382687,False,konsumtion_lag1=vid_eller_over_trend
B,"('konsumtion_lag1=under_trend',)",minskning,1300,976,442,9,9,0.34,0.45286885245901637,0.44846153846153847,1.0098276298400022,0.004407313997477902,False,konsumtion_lag1=under_trend
B,"('konsumtion_lag1=under_trend', 'sysselsattning_lag1=under_trend')",minskning,1300,976,442,9,9,0.34,0.45286885245901637,0.44846153846153847,1.0098276298400022,0.004407313997477902,False,konsumtion_lag1=under_trend & sysselsattning_lag1=under_trend
B,"('sysselsattning_lag1=under_trend',)",minskning,1300,1084,490,10,10,0.3769230769230769,0.45202952029520294,0.44846153846153847,1.0079560486857013,0.0035679818336644686,False,sysselsattning_lag1=under_trend
B,"('sysselsattning_lag1=under_trend',)",okning,1300,1084,570,10,10,0.43846153846153846,0.525830258302583,0.53,0.9921325628350622,-0.004169741697417018,False,sysselsattning_lag1=under_trend
B,"('konsumtion_lag1=under_trend',)",okning,1300,976,511,9,9,0.3930769230769231,0.5235655737704918,0.53,0.9878595731518713,-0.006434426229508183,False,konsumtion_lag1=under_trend
B,"('konsumtion_lag1=under_trend', 'sysselsattning_lag1=under_trend')",okning,1300,976,511,9,9,0.3930769230769231,0.5235655737704918,0.53,0.9878595731518713,-0.006434426229508183,False,konsumtion_lag1=under_trend & sysselsattning_lag1=under_trend
B,"('bnp_lag1=vid_eller_over_trend', 'konsumtion_lag1=vid_eller_over_trend')",minskning,1300,324,141,3,3,0.10846153846153846,0.4351851851851852,0.44846153846153847,0.9703957817165364,-0.013276353276353292,False,bnp_lag1=vid_eller_over_trend & konsumtion_lag1=vid_eller_over_trend
B,"('konsumtion_lag1=vid_eller_over_trend',)",minskning,1300,324,141,3,3,0.10846153846153846,0.4351851851851852,0.44846153846153847,0.9703957817165364,-0.013276353276353292,False,konsumtion_lag1=vid_eller_over_trend
B,"('bnp_lag1=vid_eller_over_trend', 'sysselsattning_lag1=vid_eller_over_trend')",minskning,1300,216,93,2,2,0.07153846153846154,0.4305555555555556,0.44846153846153847,0.9600724223365733,-0.017905982905982887,False,bnp_lag1=vid_eller_over_trend & sysselsattning_lag1=vid_eller_over_trend
B,"('konsumtion_lag1=vid_eller_over_trend', 'sysselsattning_lag1=vid_eller_over_trend')",minskning,1300,216,93,2,2,0.07153846153846154,0.4305555555555556,0.44846153846153847,0.9600724223365733,-0.017905982905982887,False,konsumtion_lag1=vid_eller_over_trend & sysselsattning_lag1=vid_eller_over_trend
B,"('sysselsattning_lag1=vid_eller_over_trend',)",minskning,1300,216,93,2,2,0.07153846153846154,0.4305555555555556,0.44846153846153847,0.9600724223365733,-0.017905982905982887,False,sysselsattning_lag1=vid_eller_over_trend
B,"('bnp_lag1=under_trend',)",okning,1300,759,378,7,7,0.2907692307692308,0.4980237154150198,0.53,0.9396673875755089,-0.03197628458498025,False,bnp_lag1=under_trend
B,"('bnp_lag1=under_trend', 'konsumtion_lag1=under_trend')",okning,1300,759,378,7,7,0.2907692307692308,0.4980237154150198,0.53,0.9396673875755089,-0.03197628458498025,False,bnp_lag1=under_trend & konsumtion_lag1=under_trend
B,"('bnp_lag1=under_trend', 'sysselsattning_lag1=under_trend')",okning,1300,759,378,7,7,0.2907692307692308,0.4980237154150198,0.53,0.9396673875755089,-0.03197628458498025,False,bnp_lag1=under_trend & sysselsattning_lag1=under_trend
B,"('bnp_lag1=vid_eller_over_trend',)",minskning,1300,541,220,5,5,0.16923076923076924,0.4066543438077634,0.44846153846153847,0.9067764098629372,-0.04180719465377508,False,bnp_lag1=vid_eller_over_trend
B,"('bnp_lag1=vid_eller_over_trend', 'sysselsattning_lag1=under_trend')",minskning,1300,325,127,3,3,0.09769230769230769,0.39076923076923076,0.44846153846153847,0.8713550600343053,-0.05769230769230771,False,bnp_lag1=vid_eller_over_trend & sysselsattning_lag1=under_trend
B,"('bnp_lag1=vid_eller_over_trend', 'konsumtion_lag1=under_trend')",minskning,1300,217,79,2,2,0.06076923076923077,0.3640552995391705,0.44846153846153847,0.811787117325766,-0.08440623892236798,False,bnp_lag1=vid_eller_over_trend & konsumtion_lag1=under_trend
C,"('bnp_lag1=vid_eller_over_trend', 'konsumtion_lag1=under_trend')",okning,1519,253,137,2,2,0.0901909150757077,0.541501976284585,0.5029624753127058,1.0766250025867599,0.03853950097187919,False,bnp_lag1=vid_eller_over_trend & konsumtion_lag1=under_trend
C,"('bnp_lag1=vid_eller_over_trend', 'sysselsattning_lag1=under_trend')",okning,1519,381,203,3,3,0.1336405529953917,0.5328083989501312,0.5029624753127058,1.0593402591691743,0.029845923637425442,False,bnp_lag1=vid_eller_over_trend & sysselsattning_lag1=under_trend
C,"('bnp_lag1=vid_eller_over_trend',)",okning,1519,633,335,5,5,0.2205398288347597,0.5292259083728278,0.5029624753127058,1.052217480128698,0.02626343306012202,False,bnp_lag1=vid_eller_over_trend
C,"('bnp_lag1=vid_eller_over_trend', 'sysselsattning_lag1=vid_eller_over_trend')",okning,1519,252,132,2,2,0.086899275839368,0.5238095238095238,0.5029624753127058,1.0414485165794065,0.020847048496818066,False,bnp_lag1=vid_eller_over_trend & sysselsattning_lag1=vid_eller_over_trend
C,"('konsumtion_lag1=vid_eller_over_trend', 'sysselsattning_lag1=vid_eller_over_trend')",okning,1519,252,132,2,2,0.086899275839368,0.5238095238095238,0.5029624753127058,1.0414485165794065,0.020847048496818066,False,konsumtion_lag1=vid_eller_over_trend & sysselsattning_lag1=vid_eller_over_trend
C,"('sysselsattning_lag1=vid_eller_over_trend',)",okning,1519,252,132,2,2,0.086899275839368,0.5238095238095238,0.5029624753127058,1.0414485165794065,0.020847048496818066,False,sysselsattning_lag1=vid_eller_over_trend
C,"('bnp_lag1=under_trend',)",minskning,1519,886,441,7,7,0.2903225806451613,0.49774266365688485,0.47860434496379195,1.0399877662927208,0.019138318693092904,False,bnp_lag1=under_trend
C,"('bnp_lag1=under_trend', 'konsumtion_lag1=under_trend')",minskning,1519,886,441,7,7,0.2903225806451613,0.49774266365688485,0.47860434496379195,1.0399877662927208,0.019138318693092904,False,bnp_lag1=under_trend & konsumtion_lag1=under_trend
C,"('bnp_lag1=under_trend', 'sysselsattning_lag1=under_trend')",minskning,1519,886,441,7,7,0.2903225806451613,0.49774266365688485,0.47860434496379195,1.0399877662927208,0.019138318693092904,False,bnp_lag1=under_trend & sysselsattning_lag1=under_trend
C,"('bnp_lag1=vid_eller_over_trend', 'konsumtion_lag1=vid_eller_over_trend')",okning,1519,380,198,3,3,0.130348913759052,0.5210526315789473,0.5029624753127058,1.0359672085974097,0.018090156266241553,False,bnp_lag1=vid_eller_over_trend & konsumtion_lag1=vid_eller_over_trend
C,"('konsumtion_lag1=vid_eller_over_trend',)",okning,1519,380,198,3,3,0.130348913759052,0.5210526315789473,0.5029624753127058,1.0359672085974097,0.018090156266241553,False,konsumtion_lag1=vid_eller_over_trend
C,"('konsumtion_lag1=under_trend',)",minskning,1519,1139,552,9,9,0.36339697169190255,0.48463564530289727,0.47860434496379195,1.0126018503646506,0.006031300339105317,False,konsumtion_lag1=under_trend
C,"('konsumtion_lag1=under_trend', 'sysselsattning_lag1=under_trend')",minskning,1519,1139,552,9,9,0.36339697169190255,0.48463564530289727,0.47860434496379195,1.0126018503646506,0.006031300339105317,False,konsumtion_lag1=under_trend & sysselsattning_lag1=under_trend
C,"('sysselsattning_lag1=under_trend',)",minskning,1519,1267,611,10,10,0.402238314680711,0.48224151539068666,0.47860434496379195,1.0075995349084637,0.003637170426894709,False,sysselsattning_lag1=under_trend
C,"('sysselsattning_lag1=under_trend',)",okning,1519,1267,632,10,10,0.4160631994733377,0.4988161010260458,0.5029624753127058,0.9917560961499522,-0.004146374286659982,False,sysselsattning_lag1=under_trend
C,"('konsumtion_lag1=under_trend',)",okning,1519,1139,566,9,9,0.3726135615536537,0.49692712906057945,0.5029624753127058,0.9880004045065709,-0.006035346252126317,False,konsumtion_lag1=under_trend
C,"('konsumtion_lag1=under_trend', 'sysselsattning_lag1=under_trend')",okning,1519,1139,566,9,9,0.3726135615536537,0.49692712906057945,0.5029624753127058,0.9880004045065709,-0.006035346252126317,False,konsumtion_lag1=under_trend & sysselsattning_lag1=under_trend
C,"('bnp_lag1=under_trend',)",okning,1519,886,429,7,7,0.282422646477946,0.48419864559819414,0.5029624753127058,0.9626933804498127,-0.018763829714511626,False,bnp_lag1=under_trend
C,"('bnp_lag1=under_trend', 'konsumtion_lag1=under_trend')",okning,1519,886,429,7,7,0.282422646477946,0.48419864559819414,0.5029624753127058,0.9626933804498127,-0.018763829714511626,False,bnp_lag1=under_trend & konsumtion_lag1=under_trend
C,"('bnp_lag1=under_trend', 'sysselsattning_lag1=under_trend')",okning,1519,886,429,7,7,0.282422646477946,0.48419864559819414,0.5029624753127058,0.9626933804498127,-0.018763829714511626,False,bnp_lag1=under_trend & sysselsattning_lag1=under_trend
C,"('bnp_lag1=vid_eller_over_trend', 'konsumtion_lag1=vid_eller_over_trend')",minskning,1519,380,175,3,3,0.1152073732718894,0.4605263157894737,0.47860434496379195,0.9622276116701658,-0.018078029174318277,False,bnp_lag1=vid_eller_over_trend & konsumtion_lag1=vid_eller_over_trend
C,"('konsumtion_lag1=vid_eller_over_trend',)",minskning,1519,380,175,3,3,0.1152073732718894,0.4605263157894737,0.47860434496379195,0.9622276116701658,-0.018078029174318277,False,konsumtion_lag1=vid_eller_over_trend
C,"('bnp_lag1=vid_eller_over_trend', 'sysselsattning_lag1=vid_eller_over_trend')",minskning,1519,252,116,2,2,0.07636603028308098,0.4603174603174603,0.47860434496379195,0.9617912272657803,-0.018286884646331658,False,bnp_lag1=vid_eller_over_trend & sysselsattning_lag1=vid_eller_over_trend
C,"('konsumtion_lag1=vid_eller_over_trend', 'sysselsattning_lag1=vid_eller_over_trend')",minskning,1519,252,116,2,2,0.07636603028308098,0.4603174603174603,0.47860434496379195,0.9617912272657803,-0.018286884646331658,False,konsumtion_lag1=vid_eller_over_trend & sysselsattning_lag1=vid_eller_over_trend
C,"('sysselsattning_lag1=vid_eller_over_trend',)",minskning,1519,252,116,2,2,0.07636603028308098,0.4603174603174603,0.47860434496379195,0.9617912272657803,-0.018286884646331658,False,sysselsattning_lag1=vid_eller_over_trend
C,"('bnp_lag1=vid_eller_over_trend',)",minskning,1519,633,286,5,5,0.18828176431863067,0.4518167456556082,0.47860434496379195,0.944029761555528,-0.02678759930818375,False,bnp_lag1=vid_eller_over_trend
C,"('bnp_lag1=vid_eller_over_trend', 'sysselsattning_lag1=under_trend')",minskning,1519,381,170,3,3,0.1119157340355497,0.4461942257217848,0.47860434496379195,0.9322820204558337,-0.03241011924200715,False,bnp_lag1=vid_eller_over_trend & sysselsattning_lag1=under_trend
C,"('bnp_lag1=vid_eller_over_trend', 'konsumtion_lag1=under_trend')",minskning,1519,253,111,2,2,0.07307439104674128,0.43873517786561267,0.47860434496379195,0.9166970222529102,-0.03986916709817928,False,bnp_lag1=vid_eller_over_trend & konsumtion_lag1=under_trend
