kommuntyp,period,villkor_text,utfall,antal_rader,villkor_rader,regel_rader,villkor_ar,regel_ar,support,confidence,basfrekvens,lift,skillnad_mot_bas
A,traning,bnp_lag1=vid_eller_over_trend & sysselsattning_lag1=under_trend,okning,552,138,87,3,3,0.15760869565217392,0.6304347826086957,0.4963768115942029,1.27007299270073,0.1340579710144928
A,validering,bnp_lag1=vid_eller_over_trend & sysselsattning_lag1=under_trend,okning,184,92,32,2,2,0.17391304347826086,0.34782608695652173,0.3532608695652174,0.9846153846153846,-0.005434782608695676
A,senare_ar,bnp_lag1=vid_eller_over_trend & sysselsattning_lag1=under_trend,okning,276,46,6,1,1,0.021739130434782608,0.13043478260869565,0.3695652173913043,0.35294117647058826,-0.23913043478260868
B,traning,bnp_lag1=vid_eller_over_trend & sysselsattning_lag1=under_trend,okning,1300,325,192,3,3,0.1476923076923077,0.5907692307692308,0.53,1.1146589259796806,0.0607692307692308
B,validering,bnp_lag1=vid_eller_over_trend & sysselsattning_lag1=under_trend,okning,432,216,96,2,2,0.2222222222222222,0.4444444444444444,0.4305555555555556,1.032258064516129,0.01388888888888884
B,senare_ar,bnp_lag1=vid_eller_over_trend & sysselsattning_lag1=under_trend,okning,644,108,24,1,1,0.037267080745341616,0.2222222222222222,0.37267080745341613,0.5962962962962963,-0.15044858523119392
C,traning,bnp_lag1=vid_eller_over_trend & sysselsattning_lag1=under_trend,okning,1519,381,203,3,3,0.1336405529953917,0.5328083989501312,0.5029624753127058,1.0593402591691743,0.029845923637425442
C,validering,bnp_lag1=vid_eller_over_trend & sysselsattning_lag1=under_trend,okning,507,253,124,2,2,0.2445759368836292,0.4901185770750988,0.4457593688362919,1.0995137990136066,0.0443592082388069
C,senare_ar,bnp_lag1=vid_eller_over_trend & sysselsattning_lag1=under_trend,okning,739,124,33,1,1,0.044654939106901215,0.2661290322580645,0.395128552097429,0.6735251878038002,-0.12899951983936447
