kommuntyp,period,ar,rader,traffsakerhet,baslinje_traffsakerhet,regeltackning
A,senare_ar,2020,46,0.41304347826086957,0.41304347826086957,0.0
A,senare_ar,2021,46,0.43478260869565216,0.43478260869565216,0.0
A,senare_ar,2022,46,0.13043478260869565,0.13043478260869565,1.0
A,senare_ar,2023,46,0.30434782608695654,0.30434782608695654,0.0
A,senare_ar,2024,46,0.391304347826087,0.391304347826087,0.0
A,senare_ar,2025,46,0.5434782608695652,0.5434782608695652,0.0
A,validering,2016,46,0.5217391304347826,0.5217391304347826,1.0
A,validering,2017,46,0.17391304347826086,0.17391304347826086,1.0
A,validering,2018,46,0.43478260869565216,0.43478260869565216,0.0
A,validering,2019,46,0.2826086956521739,0.2826086956521739,0.0
B,senare_ar,2020,108,0.3148148148148148,0.3148148148148148,0.0
B,senare_ar,2021,108,0.5462962962962963,0.5462962962962963,0.0
B,senare_ar,2022,108,0.2222222222222222,0.2222222222222222,0.0
B,senare_ar,2023,107,0.29906542056074764,0.29906542056074764,0.0
B,senare_ar,2024,107,0.38317757009345793,0.38317757009345793,0.0
B,senare_ar,2025,106,0.4716981132075472,0.4716981132075472,0.0
B,validering,2016,108,0.5277777777777778,0.5277777777777778,0.0
B,validering,2017,108,0.3611111111111111,0.3611111111111111,0.0
B,validering,2018,108,0.46296296296296297,0.46296296296296297,0.0
B,validering,2019,108,0.37037037037037035,0.37037037037037035,0.0
C,senare_ar,2020,127,0.3858267716535433,0.3858267716535433,0.0
C,senare_ar,2021,127,0.4251968503937008,0.4251968503937008,0.0
C,senare_ar,2022,124,0.2661290322580645,0.2661290322580645,0.0
C,senare_ar,2023,122,0.3442622950819672,0.3442622950819672,0.0
C,senare_ar,2024,119,0.48739495798319327,0.48739495798319327,0.0
C,senare_ar,2025,120,0.4666666666666667,0.4666666666666667,0.0
C,validering,2016,125,0.528,0.528,0.0
C,validering,2017,128,0.453125,0.453125,0.0
C,validering,2018,127,0.4094488188976378,0.4094488188976378,0.0
C,validering,2019,127,0.3937007874015748,0.3937007874015748,0.0
