variant,kommuntyp,indikator,period,villkor,utfall,vald_i_traning,rader,villkor_rader,regel_rader,villkor_ar,regel_ar,support,confidence,basfrekvens,lift,skillnad_bas,klarar_support,klarar_confidence,klarar_lift,klarar_ar
exakt_noll,A,BNP kvartal,traning,vid_eller_over_trend,okning,False,552,230,134,5,5,0.2427536231884058,0.5826086956521739,0.4963768115942029,1.1737226277372264,0.086231884057971,True,False,True,True
exakt_noll,A,BNP-indikator månad,traning,vid_eller_over_trend,okning,False,552,230,134,5,5,0.2427536231884058,0.5826086956521739,0.4963768115942029,1.1737226277372264,0.086231884057971,True,False,True,True
exakt_noll,A,Industrins orderingång,traning,vid_eller_over_trend,okning,False,552,230,134,5,5,0.2427536231884058,0.5826086956521739,0.4963768115942029,1.1737226277372264,0.086231884057971,True,False,True,True
exakt_noll,A,Nyregistrerade lastbilar,traning,vid_eller_over_trend,okning,False,552,230,134,5,5,0.2427536231884058,0.5826086956521739,0.4963768115942029,1.1737226277372264,0.086231884057971,True,False,True,True
exakt_noll,A,Näringslivets efterfrågan,traning,vid_eller_over_trend,okning,False,552,230,134,5,5,0.2427536231884058,0.5826086956521739,0.4963768115942029,1.1737226277372264,0.086231884057971,True,False,True,True
exakt_noll,A,Näringslivets produktion,traning,vid_eller_over_trend,okning,False,552,230,134,5,5,0.2427536231884058,0.5826086956521739,0.4963768115942029,1.1737226277372264,0.086231884057971,True,False,True,True
exakt_noll,A,Varuexport,traning,under_trend,minskning,False,552,230,133,5,5,0.24094202898550723,0.5782608695652174,0.49094202898550726,1.177859778597786,0.08731884057971012,True,False,True,True
exakt_noll,B,Varuimport,traning,under_trend,okning,False,1300,652,376,6,6,0.28923076923076924,0.5766871165644172,0.53,1.0880888991781457,0.04668711656441715,True,False,False,True
exakt_noll,B,BNP kvartal,traning,vid_eller_over_trend,okning,False,1300,541,311,5,5,0.23923076923076922,0.5748613678373382,0.53,1.0846440902591286,0.044861367837338184,True,False,False,True
exakt_noll,B,BNP-indikator månad,traning,vid_eller_over_trend,okning,False,1300,541,311,5,5,0.23923076923076922,0.5748613678373382,0.53,1.0846440902591286,0.044861367837338184,True,False,False,True
exakt_noll,B,Industrins orderingång,traning,vid_eller_over_trend,okning,False,1300,541,311,5,5,0.23923076923076922,0.5748613678373382,0.53,1.0846440902591286,0.044861367837338184,True,False,False,True
exakt_noll,B,Nyregistrerade lastbilar,traning,vid_eller_over_trend,okning,False,1300,541,311,5,5,0.23923076923076922,0.5748613678373382,0.53,1.0846440902591286,0.044861367837338184,True,False,False,True
exakt_noll,B,Näringslivets efterfrågan,traning,vid_eller_over_trend,okning,False,1300,541,311,5,5,0.23923076923076922,0.5748613678373382,0.53,1.0846440902591286,0.044861367837338184,True,False,False,True
exakt_noll,B,Näringslivets produktion,traning,vid_eller_over_trend,okning,False,1300,541,311,5,5,0.23923076923076922,0.5748613678373382,0.53,1.0846440902591286,0.044861367837338184,True,False,False,True
exakt_noll,A,Arbetade timmar,traning,vid_eller_over_trend,minskning,False,552,184,104,4,4,0.18840579710144928,0.5652173913043478,0.49094202898550726,1.151291512915129,0.07427536231884052,True,False,True,True
exakt_noll,A,Detaljhandel sällanköpsvaror,traning,vid_eller_over_trend,minskning,False,552,184,103,4,4,0.18659420289855072,0.5597826086956522,0.49094202898550726,1.1402214022140222,0.06884057971014496,True,False,True,True
exakt_noll,B,Varuexport,traning,vid_eller_over_trend,okning,False,1300,758,422,7,7,0.32461538461538464,0.5567282321899736,0.53,1.050430626773535,0.026728232189973555,True,False,False,True
exakt_noll,B,Arbetade timmar,traning,under_trend,okning,False,1300,868,480,8,8,0.36923076923076925,0.5529953917050692,0.53,1.0433875315189984,0.022995391705069146,True,False,False,True
exakt_noll,B,Nyregistrerade personbilar,traning,vid_eller_over_trend,okning,False,1300,650,358,6,6,0.2753846153846154,0.5507692307692308,0.53,1.039187227866473,0.020769230769230762,True,False,False,True
exakt_noll,B,Hushållens konsumtion,traning,vid_eller_over_trend,okning,False,1300,324,178,3,3,0.13692307692307693,0.5493827160493827,0.53,1.0365711623573257,0.019382716049382687,True,False,False,True
exakt_noll,B,Detaljhandel sällanköpsvaror,traning,under_trend,okning,False,1300,868,475,8,8,0.36538461538461536,0.5472350230414746,0.53,1.0325189113990088,0.017235023041474618,True,False,False,True
exakt_noll,A,Varuimport,traning,under_trend,okning,False,552,276,149,6,6,0.26992753623188404,0.5398550724637681,0.4963768115942029,1.0875912408759123,0.04347826086956519,True,False,False,True
exakt_noll,C,Hushållens konfidensindikator,traning,under_trend,okning,False,1519,379,204,3,3,0.13429888084265965,0.5382585751978892,0.5029624753127058,1.0701764080177927,0.03529609988518345,True,False,False,True
exakt_noll,B,Hushållens konfidensindikator,traning,vid_eller_over_trend,okning,False,1300,975,523,9,9,0.4023076923076923,0.5364102564102564,0.53,1.012094823415578,0.0064102564102563875,True,False,False,True
neutral_002,B,BNP kvartal,traning,vid_eller_over_trend,okning,False,1300,541,287,5,5,0.22076923076923077,0.5304990757855823,0.4776923076923077,1.1105455692773865,0.052806768093274614,True,False,True,True
neutral_002,B,BNP-indikator månad,traning,vid_eller_over_trend,okning,False,1300,541,287,5,5,0.22076923076923077,0.5304990757855823,0.4776923076923077,1.1105455692773865,0.052806768093274614,True,False,True,True
neutral_002,B,Industrins orderingång,traning,vid_eller_over_trend,okning,False,1300,541,287,5,5,0.22076923076923077,0.5304990757855823,0.4776923076923077,1.1105455692773865,0.052806768093274614,True,False,True,True
neutral_002,B,Nyregistrerade lastbilar,traning,vid_eller_over_trend,okning,False,1300,541,287,5,5,0.22076923076923077,0.5304990757855823,0.4776923076923077,1.1105455692773865,0.052806768093274614,True,False,True,True
neutral_002,B,Näringslivets efterfrågan,traning,vid_eller_over_trend,okning,False,1300,541,287,5,5,0.22076923076923077,0.5304990757855823,0.4776923076923077,1.1105455692773865,0.052806768093274614,True,False,True,True
neutral_002,B,Näringslivets produktion,traning,vid_eller_over_trend,okning,False,1300,541,287,5,5,0.22076923076923077,0.5304990757855823,0.4776923076923077,1.1105455692773865,0.052806768093274614,True,False,True,True
neutral_002,A,BNP kvartal,traning,vid_eller_over_trend,okning,False,552,230,122,5,5,0.2210144927536232,0.5304347826086957,0.45108695652173914,1.1759036144578314,0.07934782608695656,True,False,True,True
neutral_002,A,BNP-indikator månad,traning,vid_eller_over_trend,okning,False,552,230,122,5,5,0.2210144927536232,0.5304347826086957,0.45108695652173914,1.1759036144578314,0.07934782608695656,True,False,True,True
neutral_002,A,Industrins orderingång,traning,vid_eller_over_trend,okning,False,552,230,122,5,5,0.2210144927536232,0.5304347826086957,0.45108695652173914,1.1759036144578314,0.07934782608695656,True,False,True,True
neutral_002,A,Nyregistrerade lastbilar,traning,vid_eller_over_trend,okning,False,552,230,122,5,5,0.2210144927536232,0.5304347826086957,0.45108695652173914,1.1759036144578314,0.07934782608695656,True,False,True,True
neutral_002,A,Näringslivets efterfrågan,traning,vid_eller_over_trend,okning,False,552,230,122,5,5,0.2210144927536232,0.5304347826086957,0.45108695652173914,1.1759036144578314,0.07934782608695656,True,False,True,True
neutral_002,A,Näringslivets produktion,traning,vid_eller_over_trend,okning,False,552,230,122,5,5,0.2210144927536232,0.5304347826086957,0.45108695652173914,1.1759036144578314,0.07934782608695656,True,False,True,True
exakt_noll,C,BNP kvartal,traning,vid_eller_over_trend,okning,False,1519,633,335,5,5,0.2205398288347597,0.5292259083728278,0.5029624753127058,1.052217480128698,0.02626343306012202,True,False,False,True
exakt_noll,C,BNP-indikator månad,traning,vid_eller_over_trend,okning,False,1519,633,335,5,5,0.2205398288347597,0.5292259083728278,0.5029624753127058,1.052217480128698,0.02626343306012202,True,False,False,True
exakt_noll,C,Industrins orderingång,traning,vid_eller_over_trend,okning,False,1519,633,335,5,5,0.2205398288347597,0.5292259083728278,0.5029624753127058,1.052217480128698,0.02626343306012202,True,False,False,True
exakt_noll,C,Nyregistrerade lastbilar,traning,vid_eller_over_trend,okning,False,1519,633,335,5,5,0.2205398288347597,0.5292259083728278,0.5029624753127058,1.052217480128698,0.02626343306012202,True,False,False,True
exakt_noll,C,Näringslivets efterfrågan,traning,vid_eller_over_trend,okning,False,1519,633,335,5,5,0.2205398288347597,0.5292259083728278,0.5029624753127058,1.052217480128698,0.02626343306012202,True,False,False,True
exakt_noll,C,Näringslivets produktion,traning,vid_eller_over_trend,okning,False,1519,633,335,5,5,0.2205398288347597,0.5292259083728278,0.5029624753127058,1.052217480128698,0.02626343306012202,True,False,False,True
exakt_noll,C,Varuimport,traning,under_trend,okning,False,1519,761,402,6,6,0.2646477946017117,0.5282522996057819,0.5029624753127058,1.0502817318078308,0.025289824293076135,True,False,False,True
neutral_002,A,Arbetade timmar,traning,vid_eller_over_trend,minskning,False,552,184,97,4,4,0.17572463768115942,0.5271739130434783,0.42391304347826086,1.2435897435897436,0.1032608695652174,True,False,True,True
exakt_noll,C,Nyregistrerade personbilar,traning,under_trend,okning,False,1519,758,399,6,6,0.2626728110599078,0.5263852242744064,0.5029624753127058,1.0465695754879885,0.0234227489617006,True,False,False,True
exakt_noll,B,Sysselsättning,traning,under_trend,okning,False,1300,1084,570,10,10,0.43846153846153846,0.525830258302583,0.53,0.9921325628350622,-0.004169741697417018,True,False,False,True
exakt_noll,A,Nyregistrerade personbilar,traning,under_trend,minskning,False,552,276,145,6,6,0.26268115942028986,0.5253623188405797,0.49094202898550726,1.070110701107011,0.03442028985507245,True,False,False,True
neutral_002,A,Detaljhandel sällanköpsvaror,traning,vid_eller_over_trend,minskning,False,552,184,96,4,4,0.17391304347826086,0.5217391304347826,0.42391304347826086,1.2307692307692308,0.09782608695652173,True,False,True,True
exakt_noll,A,Hushållens konsumtion,traning,vid_eller_over_trend,okning,False,552,138,72,3,3,0.13043478260869565,0.5217391304347826,0.4963768115942029,1.051094890510949,0.025362318840579712,True,False,False,True
neutral_002,B,Hushållens konsumtion,traning,vid_eller_over_trend,okning,False,1300,324,169,3,3,0.13,0.5216049382716049,0.4776923076923077,1.0919266018568219,0.04391263057929723,True,False,False,True
exakt_noll,C,Hushållens konsumtion,traning,vid_eller_over_trend,okning,False,1519,380,198,3,3,0.130348913759052,0.5210526315789473,0.5029624753127058,1.0359672085974097,0.018090156266241553,True,False,False,True
exakt_noll,C,Arbetade timmar,traning,under_trend,okning,False,1519,1015,525,8,8,0.3456221198156682,0.5172413793103449,0.5029624753127058,1.0283896010110127,0.014278903997639092,True,False,False,True
exakt_noll,A,Hushållens konfidensindikator,traning,under_trend,okning,False,552,138,71,3,3,0.1286231884057971,0.5144927536231884,0.4963768115942029,1.0364963503649633,0.018115942028985477,True,False,False,True
neutral_002,B,Varuimport,traning,under_trend,okning,False,1300,652,334,6,6,0.2569230769230769,0.5122699386503068,0.4776923076923077,1.0723847346946842,0.034577630957999095,True,False,False,True
exakt_noll,C,Detaljhandel sällanköpsvaror,traning,under_trend,okning,False,1519,1012,518,8,8,0.34101382488479265,0.5118577075098815,0.5029624753127058,1.0176856776276306,0.008895232197175695,True,False,False,True
neutral_002,A,Varuexport,traning,under_trend,minskning,False,552,230,117,5,5,0.21195652173913043,0.508695652173913,0.42391304347826086,1.2,0.08478260869565213,True,False,True,True
neutral_002,B,Varuexport,traning,vid_eller_over_trend,okning,False,1300,758,385,7,7,0.29615384615384616,0.5079155672823219,0.4776923076923077,1.0632693034895628,0.030223259590014206,True,False,False,True
neutral_002,C,Hushållens konfidensindikator,traning,under_trend,okning,False,1519,379,191,3,3,0.12574061882817644,0.503957783641161,0.47465437788018433,1.0617363014575916,0.02930340576097662,True,False,False,True
exakt_noll,C,Varuexport,traning,vid_eller_over_trend,okning,False,1519,886,446,7,7,0.293614219881501,0.5033860045146726,0.5029624753127058,1.000842069185586,0.0004235292019668657,True,False,False,True
neutral_002,C,Varuimport,traning,under_trend,okning,False,1519,761,382,6,6,0.2514812376563529,0.5019710906701709,0.47465437788018433,1.0575507444216221,0.02731671278998654,True,False,False,True
neutral_002,A,Varuimport,traning,under_trend,okning,False,552,276,138,6,6,0.25,0.5,0.45108695652173914,1.108433734939759,0.048913043478260865,True,False,True,True
neutral_002,C,BNP kvartal,traning,vid_eller_over_trend,okning,False,1519,633,316,5,5,0.20803159973666885,0.49921011058451814,0.47465437788018433,1.0517339222994218,0.02455573270433381,True,False,False,True
neutral_002,C,BNP-indikator månad,traning,vid_eller_over_trend,okning,False,1519,633,316,5,5,0.20803159973666885,0.49921011058451814,0.47465437788018433,1.0517339222994218,0.02455573270433381,True,False,False,True
neutral_002,C,Industrins orderingång,traning,vid_eller_over_trend,okning,False,1519,633,316,5,5,0.20803159973666885,0.49921011058451814,0.47465437788018433,1.0517339222994218,0.02455573270433381,True,False,False,True
neutral_002,C,Nyregistrerade lastbilar,traning,vid_eller_over_trend,okning,False,1519,633,316,5,5,0.20803159973666885,0.49921011058451814,0.47465437788018433,1.0517339222994218,0.02455573270433381,True,False,False,True
neutral_002,C,Näringslivets efterfrågan,traning,vid_eller_over_trend,okning,False,1519,633,316,5,5,0.20803159973666885,0.49921011058451814,0.47465437788018433,1.0517339222994218,0.02455573270433381,True,False,False,True
neutral_002,C,Näringslivets produktion,traning,vid_eller_over_trend,okning,False,1519,633,316,5,5,0.20803159973666885,0.49921011058451814,0.47465437788018433,1.0517339222994218,0.02455573270433381,True,False,False,True
exakt_noll,C,Sysselsättning,traning,under_trend,okning,False,1519,1267,632,10,10,0.4160631994733377,0.4988161010260458,0.5029624753127058,0.9917560961499522,-0.004146374286659982,True,False,False,True
neutral_002,B,Nyregistrerade personbilar,traning,vid_eller_over_trend,okning,False,1300,650,323,6,6,0.24846153846153846,0.4969230769230769,0.4776923076923077,1.040257648953301,0.019230769230769218,True,False,False,True
neutral_002,C,Nyregistrerade personbilar,traning,under_trend,okning,False,1519,758,376,6,6,0.24753127057274524,0.49604221635883905,0.47465437788018433,1.0450598150472628,0.02138783847865472,True,False,False,True
exakt_noll,A,Sysselsättning,traning,under_trend,okning,False,552,460,227,10,10,0.411231884057971,0.4934782608695652,0.4963768115942029,0.9941605839416059,-0.002898550724637683,True,False,False,True
neutral_002,B,Arbetade timmar,traning,under_trend,okning,False,1300,868,428,8,8,0.3292307692307692,0.4930875576036866,0.4776923076923077,1.0322283814569928,0.015395249911378917,True,False,False,True
neutral_002,A,Hushållens konfidensindikator,traning,under_trend,okning,False,552,138,68,3,3,0.12318840579710146,0.4927536231884058,0.45108695652173914,1.0923694779116466,0.041666666666666685,True,False,False,True
neutral_002,C,Arbetade timmar,traning,under_trend,okning,False,1519,1015,497,8,8,0.3271889400921659,0.4896551724137931,0.47465437788018433,1.0316036156678943,0.015000794533608752,True,False,False,True
neutral_002,C,Hushållens konsumtion,traning,vid_eller_over_trend,okning,False,1519,380,185,3,3,0.1217906517445688,0.4868421052631579,0.47465437788018433,1.0256770567194686,0.012187727382973579,True,False,False,True
neutral_002,C,Detaljhandel sällanköpsvaror,traning,under_trend,okning,False,1519,1012,490,8,8,0.3225806451612903,0.4841897233201581,0.47465437788018433,1.0200890287424689,0.009535345439973753,True,False,False,True
neutral_002,B,Detaljhandel sällanköpsvaror,traning,under_trend,okning,False,1300,868,420,8,8,0.3230769230769231,0.4838709677419355,0.4776923076923077,1.0129343930185446,0.006178660049627804,True,False,False,True
neutral_002,B,Hushållens konfidensindikator,traning,vid_eller_over_trend,okning,False,1300,975,469,9,9,0.3607692307692308,0.48102564102564105,0.4776923076923077,1.006977992485239,0.003333333333333355,True,False,False,True
neutral_002,C,Varuexport,traning,vid_eller_over_trend,okning,False,1519,886,421,7,7,0.2771560236998025,0.4751693002257336,0.47465437788018433,1.0010848363979048,0.0005149223455492846,True,False,False,True
neutral_002,A,Nyregistrerade personbilar,traning,vid_eller_over_trend,okning,False,552,276,131,6,6,0.23731884057971014,0.4746376811594203,0.45108695652173914,1.0522088353413654,0.023550724637681153,True,False,False,True
neutral_002,C,Sysselsättning,traning,under_trend,okning,False,1519,1267,597,10,10,0.39302172481895986,0.4711917916337806,0.47465437788018433,0.9927050367430135,-0.0034625862464037205,True,False,False,True
neutral_002,B,Sysselsättning,traning,under_trend,okning,False,1300,1084,506,10,10,0.3892307692307692,0.466789667896679,0.4776923076923077,0.977176438431051,-0.010902639795628721,True,False,False,True
neutral_002,A,Hushållens konsumtion,traning,vid_eller_over_trend,okning,False,552,138,64,3,3,0.11594202898550725,0.463768115942029,0.45108695652173914,1.0281124497991967,0.012681159420289856,True,False,False,True
neutral_002,A,Sysselsättning,traning,under_trend,okning,False,552,460,206,10,10,0.37318840579710144,0.44782608695652176,0.45108695652173914,0.9927710843373494,-0.0032608695652173725,True,False,False,True
