variant,kommuntyp,indikator,period,tillgangliga,exkluderade
exakt_noll,A,Arbetade timmar,traning,552,0
exakt_noll,A,Arbetade timmar,validering,184,0
exakt_noll,A,Arbetade timmar,senare_ar,276,0
exakt_noll,A,BNP kvartal,traning,552,0
exakt_noll,A,BNP kvartal,validering,184,0
exakt_noll,A,BNP kvartal,senare_ar,276,0
exakt_noll,A,BNP-indikator månad,traning,552,0
exakt_noll,A,BNP-indikator månad,validering,184,0
exakt_noll,A,BNP-indikator månad,senare_ar,276,0
exakt_noll,A,Detaljhandel sällanköpsvaror,traning,552,0
exakt_noll,A,Detaljhandel sällanköpsvaror,validering,184,0
exakt_noll,A,Detaljhandel sällanköpsvaror,senare_ar,276,0
exakt_noll,A,Hushållens konfidensindikator,traning,552,0
exakt_noll,A,Hushållens konfidensindikator,validering,184,0
exakt_noll,A,Hushållens konfidensindikator,senare_ar,276,0
exakt_noll,A,Hushållens konsumtion,traning,552,0
exakt_noll,A,Hushållens konsumtion,validering,184,0
exakt_noll,A,Hushållens konsumtion,senare_ar,276,0
exakt_noll,A,Industrins orderingång,traning,552,0
exakt_noll,A,Industrins orderingång,validering,184,0
exakt_noll,A,Industrins orderingång,senare_ar,276,0
exakt_noll,A,Nyregistrerade lastbilar,traning,552,0
exakt_noll,A,Nyregistrerade lastbilar,validering,184,0
exakt_noll,A,Nyregistrerade lastbilar,senare_ar,276,0
exakt_noll,A,Nyregistrerade personbilar,traning,552,0
exakt_noll,A,Nyregistrerade personbilar,validering,184,0
exakt_noll,A,Nyregistrerade personbilar,senare_ar,276,0
exakt_noll,A,Näringslivets efterfrågan,traning,552,0
exakt_noll,A,Näringslivets efterfrågan,validering,184,0
exakt_noll,A,Näringslivets efterfrågan,senare_ar,276,0
exakt_noll,A,Näringslivets produktion,traning,552,0
exakt_noll,A,Näringslivets produktion,validering,184,0
exakt_noll,A,Näringslivets produktion,senare_ar,276,0
exakt_noll,A,Sysselsättning,traning,552,0
exakt_noll,A,Sysselsättning,validering,184,0
exakt_noll,A,Sysselsättning,senare_ar,276,0
exakt_noll,A,Varuexport,traning,552,0
exakt_noll,A,Varuexport,validering,184,0
exakt_noll,A,Varuexport,senare_ar,276,0
exakt_noll,A,Varuimport,traning,552,0
exakt_noll,A,Varuimport,validering,184,0
exakt_noll,A,Varuimport,senare_ar,276,0
exakt_noll,B,Arbetade timmar,traning,1300,20
exakt_noll,B,Arbetade timmar,validering,432,8
exakt_noll,B,Arbetade timmar,senare_ar,644,16
exakt_noll,B,BNP kvartal,traning,1300,20
exakt_noll,B,BNP kvartal,validering,432,8
exakt_noll,B,BNP kvartal,senare_ar,644,16
exakt_noll,B,BNP-indikator månad,traning,1300,20
exakt_noll,B,BNP-indikator månad,validering,432,8
exakt_noll,B,BNP-indikator månad,senare_ar,644,16
exakt_noll,B,Detaljhandel sällanköpsvaror,traning,1300,20
exakt_noll,B,Detaljhandel sällanköpsvaror,validering,432,8
exakt_noll,B,Detaljhandel sällanköpsvaror,senare_ar,644,16
exakt_noll,B,Hushållens konfidensindikator,traning,1300,20
exakt_noll,B,Hushållens konfidensindikator,validering,432,8
exakt_noll,B,Hushållens konfidensindikator,senare_ar,644,16
exakt_noll,B,Hushållens konsumtion,traning,1300,20
exakt_noll,B,Hushållens konsumtion,validering,432,8
exakt_noll,B,Hushållens konsumtion,senare_ar,644,16
exakt_noll,B,Industrins orderingång,traning,1300,20
exakt_noll,B,Industrins orderingång,validering,432,8
exakt_noll,B,Industrins orderingång,senare_ar,644,16
exakt_noll,B,Nyregistrerade lastbilar,traning,1300,20
exakt_noll,B,Nyregistrerade lastbilar,validering,432,8
exakt_noll,B,Nyregistrerade lastbilar,senare_ar,644,16
exakt_noll,B,Nyregistrerade personbilar,traning,1300,20
exakt_noll,B,Nyregistrerade personbilar,validering,432,8
exakt_noll,B,Nyregistrerade personbilar,senare_ar,644,16
exakt_noll,B,Näringslivets efterfrågan,traning,1300,20
exakt_noll,B,Näringslivets efterfrågan,validering,432,8
exakt_noll,B,Näringslivets efterfrågan,senare_ar,644,16
exakt_noll,B,Näringslivets produktion,traning,1300,20
exakt_noll,B,Näringslivets produktion,validering,432,8
exakt_noll,B,Näringslivets produktion,senare_ar,644,16
exakt_noll,B,Sysselsättning,traning,1300,20
exakt_noll,B,Sysselsättning,validering,432,8
exakt_noll,B,Sysselsättning,senare_ar,644,16
exakt_noll,B,Varuexport,traning,1300,20
exakt_noll,B,Varuexport,validering,432,8
exakt_noll,B,Varuexport,senare_ar,644,16
exakt_noll,B,Varuimport,traning,1300,20
exakt_noll,B,Varuimport,validering,432,8
exakt_noll,B,Varuimport,senare_ar,644,16
exakt_noll,C,Arbetade timmar,traning,1519,89
exakt_noll,C,Arbetade timmar,validering,507,29
exakt_noll,C,Arbetade timmar,senare_ar,739,65
exakt_noll,C,BNP kvartal,traning,1519,89
exakt_noll,C,BNP kvartal,validering,507,29
exakt_noll,C,BNP kvartal,senare_ar,739,65
exakt_noll,C,BNP-indikator månad,traning,1519,89
exakt_noll,C,BNP-indikator månad,validering,507,29
exakt_noll,C,BNP-indikator månad,senare_ar,739,65
exakt_noll,C,Detaljhandel sällanköpsvaror,traning,1519,89
exakt_noll,C,Detaljhandel sällanköpsvaror,validering,507,29
exakt_noll,C,Detaljhandel sällanköpsvaror,senare_ar,739,65
exakt_noll,C,Hushållens konfidensindikator,traning,1519,89
exakt_noll,C,Hushållens konfidensindikator,validering,507,29
exakt_noll,C,Hushållens konfidensindikator,senare_ar,739,65
exakt_noll,C,Hushållens konsumtion,traning,1519,89
exakt_noll,C,Hushållens konsumtion,validering,507,29
exakt_noll,C,Hushållens konsumtion,senare_ar,739,65
exakt_noll,C,Industrins orderingång,traning,1519,89
exakt_noll,C,Industrins orderingång,validering,507,29
exakt_noll,C,Industrins orderingång,senare_ar,739,65
exakt_noll,C,Nyregistrerade lastbilar,traning,1519,89
exakt_noll,C,Nyregistrerade lastbilar,validering,507,29
exakt_noll,C,Nyregistrerade lastbilar,senare_ar,739,65
exakt_noll,C,Nyregistrerade personbilar,traning,1519,89
exakt_noll,C,Nyregistrerade personbilar,validering,507,29
exakt_noll,C,Nyregistrerade personbilar,senare_ar,739,65
exakt_noll,C,Näringslivets efterfrågan,traning,1519,89
exakt_noll,C,Näringslivets efterfrågan,validering,507,29
exakt_noll,C,Näringslivets efterfrågan,senare_ar,739,65
exakt_noll,C,Näringslivets produktion,traning,1519,89
exakt_noll,C,Näringslivets produktion,validering,507,29
exakt_noll,C,Näringslivets produktion,senare_ar,739,65
exakt_noll,C,Sysselsättning,traning,1519,89
exakt_noll,C,Sysselsättning,validering,507,29
exakt_noll,C,Sysselsättning,senare_ar,739,65
exakt_noll,C,Varuexport,traning,1519,89
exakt_noll,C,Varuexport,validering,507,29
exakt_noll,C,Varuexport,senare_ar,739,65
exakt_noll,C,Varuimport,traning,1519,89
exakt_noll,C,Varuimport,validering,507,29
exakt_noll,C,Varuimport,senare_ar,739,65
neutral_002,A,Arbetade timmar,traning,552,0
neutral_002,A,Arbetade timmar,validering,184,0
neutral_002,A,Arbetade timmar,senare_ar,276,0
neutral_002,A,BNP kvartal,traning,552,0
neutral_002,A,BNP kvartal,validering,184,0
neutral_002,A,BNP kvartal,senare_ar,276,0
neutral_002,A,BNP-indikator månad,traning,552,0
neutral_002,A,BNP-indikator månad,validering,184,0
neutral_002,A,BNP-indikator månad,senare_ar,276,0
neutral_002,A,Detaljhandel sällanköpsvaror,traning,552,0
neutral_002,A,Detaljhandel sällanköpsvaror,validering,184,0
neutral_002,A,Detaljhandel sällanköpsvaror,senare_ar,276,0
neutral_002,A,Hushållens konfidensindikator,traning,552,0
neutral_002,A,Hushållens konfidensindikator,validering,184,0
neutral_002,A,Hushållens konfidensindikator,senare_ar,276,0
neutral_002,A,Hushållens konsumtion,traning,552,0
neutral_002,A,Hushållens konsumtion,validering,184,0
neutral_002,A,Hushållens konsumtion,senare_ar,276,0
neutral_002,A,Industrins orderingång,traning,552,0
neutral_002,A,Industrins orderingång,validering,184,0
neutral_002,A,Industrins orderingång,senare_ar,276,0
neutral_002,A,Nyregistrerade lastbilar,traning,552,0
neutral_002,A,Nyregistrerade lastbilar,validering,184,0
neutral_002,A,Nyregistrerade lastbilar,senare_ar,276,0
neutral_002,A,Nyregistrerade personbilar,traning,552,0
neutral_002,A,Nyregistrerade personbilar,validering,184,0
neutral_002,A,Nyregistrerade personbilar,senare_ar,276,0
neutral_002,A,Näringslivets efterfrågan,traning,552,0
neutral_002,A,Näringslivets efterfrågan,validering,184,0
neutral_002,A,Näringslivets efterfrågan,senare_ar,276,0
neutral_002,A,Näringslivets produktion,traning,552,0
neutral_002,A,Näringslivets produktion,validering,184,0
neutral_002,A,Näringslivets produktion,senare_ar,276,0
neutral_002,A,Sysselsättning,traning,552,0
neutral_002,A,Sysselsättning,validering,184,0
neutral_002,A,Sysselsättning,senare_ar,276,0
neutral_002,A,Varuexport,traning,552,0
neutral_002,A,Varuexport,validering,184,0
neutral_002,A,Varuexport,senare_ar,276,0
neutral_002,A,Varuimport,traning,552,0
neutral_002,A,Varuimport,validering,184,0
neutral_002,A,Varuimport,senare_ar,276,0
neutral_002,B,Arbetade timmar,traning,1300,20
neutral_002,B,Arbetade timmar,validering,432,8
neutral_002,B,Arbetade timmar,senare_ar,644,16
neutral_002,B,BNP kvartal,traning,1300,20
neutral_002,B,BNP kvartal,validering,432,8
neutral_002,B,BNP kvartal,senare_ar,644,16
neutral_002,B,BNP-indikator månad,traning,1300,20
neutral_002,B,BNP-indikator månad,validering,432,8
neutral_002,B,BNP-indikator månad,senare_ar,644,16
neutral_002,B,Detaljhandel sällanköpsvaror,traning,1300,20
neutral_002,B,Detaljhandel sällanköpsvaror,validering,432,8
neutral_002,B,Detaljhandel sällanköpsvaror,senare_ar,644,16
neutral_002,B,Hushållens konfidensindikator,traning,1300,20
neutral_002,B,Hushållens konfidensindikator,validering,432,8
neutral_002,B,Hushållens konfidensindikator,senare_ar,644,16
neutral_002,B,Hushållens konsumtion,traning,1300,20
neutral_002,B,Hushållens konsumtion,validering,432,8
neutral_002,B,Hushållens konsumtion,senare_ar,644,16
neutral_002,B,Industrins orderingång,traning,1300,20
neutral_002,B,Industrins orderingång,validering,432,8
neutral_002,B,Industrins orderingång,senare_ar,644,16
neutral_002,B,Nyregistrerade lastbilar,traning,1300,20
neutral_002,B,Nyregistrerade lastbilar,validering,432,8
neutral_002,B,Nyregistrerade lastbilar,senare_ar,644,16
neutral_002,B,Nyregistrerade personbilar,traning,1300,20
neutral_002,B,Nyregistrerade personbilar,validering,432,8
neutral_002,B,Nyregistrerade personbilar,senare_ar,644,16
neutral_002,B,Näringslivets efterfrågan,traning,1300,20
neutral_002,B,Näringslivets efterfrågan,validering,432,8
neutral_002,B,Näringslivets efterfrågan,senare_ar,644,16
neutral_002,B,Näringslivets produktion,traning,1300,20
neutral_002,B,Näringslivets produktion,validering,432,8
neutral_002,B,Näringslivets produktion,senare_ar,644,16
neutral_002,B,Sysselsättning,traning,1300,20
neutral_002,B,Sysselsättning,validering,432,8
neutral_002,B,Sysselsättning,senare_ar,644,16
neutral_002,B,Varuexport,traning,1300,20
neutral_002,B,Varuexport,validering,432,8
neutral_002,B,Varuexport,senare_ar,644,16
neutral_002,B,Varuimport,traning,1300,20
neutral_002,B,Varuimport,validering,432,8
neutral_002,B,Varuimport,senare_ar,644,16
neutral_002,C,Arbetade timmar,traning,1519,89
neutral_002,C,Arbetade timmar,validering,507,29
neutral_002,C,Arbetade timmar,senare_ar,739,65
neutral_002,C,BNP kvartal,traning,1519,89
neutral_002,C,BNP kvartal,validering,507,29
neutral_002,C,BNP kvartal,senare_ar,739,65
neutral_002,C,BNP-indikator månad,traning,1519,89
neutral_002,C,BNP-indikator månad,validering,507,29
neutral_002,C,BNP-indikator månad,senare_ar,739,65
neutral_002,C,Detaljhandel sällanköpsvaror,traning,1519,89
neutral_002,C,Detaljhandel sällanköpsvaror,validering,507,29
neutral_002,C,Detaljhandel sällanköpsvaror,senare_ar,739,65
neutral_002,C,Hushållens konfidensindikator,traning,1519,89
neutral_002,C,Hushållens konfidensindikator,validering,507,29
neutral_002,C,Hushållens konfidensindikator,senare_ar,739,65
neutral_002,C,Hushållens konsumtion,traning,1519,89
neutral_002,C,Hushållens konsumtion,validering,507,29
neutral_002,C,Hushållens konsumtion,senare_ar,739,65
neutral_002,C,Industrins orderingång,traning,1519,89
neutral_002,C,Industrins orderingång,validering,507,29
neutral_002,C,Industrins orderingång,senare_ar,739,65
neutral_002,C,Nyregistrerade lastbilar,traning,1519,89
neutral_002,C,Nyregistrerade lastbilar,validering,507,29
neutral_002,C,Nyregistrerade lastbilar,senare_ar,739,65
neutral_002,C,Nyregistrerade personbilar,traning,1519,89
neutral_002,C,Nyregistrerade personbilar,validering,507,29
neutral_002,C,Nyregistrerade personbilar,senare_ar,739,65
neutral_002,C,Näringslivets efterfrågan,traning,1519,89
neutral_002,C,Näringslivets efterfrågan,validering,507,29
neutral_002,C,Näringslivets efterfrågan,senare_ar,739,65
neutral_002,C,Näringslivets produktion,traning,1519,89
neutral_002,C,Näringslivets produktion,validering,507,29
neutral_002,C,Näringslivets produktion,senare_ar,739,65
neutral_002,C,Sysselsättning,traning,1519,89
neutral_002,C,Sysselsättning,validering,507,29
neutral_002,C,Sysselsättning,senare_ar,739,65
neutral_002,C,Varuexport,traning,1519,89
neutral_002,C,Varuexport,validering,507,29
neutral_002,C,Varuexport,senare_ar,739,65
neutral_002,C,Varuimport,traning,1519,89
neutral_002,C,Varuimport,validering,507,29
neutral_002,C,Varuimport,senare_ar,739,65
