indikator,ar,medel,antal
Arbetade timmar,2000,,0
Arbetade timmar,2001,1.3883333333333334,12
Arbetade timmar,2002,0.25416666666666665,12
Arbetade timmar,2003,-1.0333333333333334,12
Arbetade timmar,2004,-0.3491666666666667,12
Arbetade timmar,2005,-0.975,12
Arbetade timmar,2006,-0.5416666666666666,12
Arbetade timmar,2007,1.6208333333333333,12
Arbetade timmar,2008,1.0275,12
Arbetade timmar,2009,-1.7391666666666667,12
Arbetade timmar,2010,0.021666666666666664,12
Arbetade timmar,2011,0.1366666666666667,12
Arbetade timmar,2012,-0.46166666666666667,12
Arbetade timmar,2013,-0.9966666666666667,12
Arbetade timmar,2014,-0.3658333333333333,12
Arbetade timmar,2015,-0.3383333333333333,12
Arbetade timmar,2016,0.3183333333333333,12
Arbetade timmar,2017,1.0041666666666667,12
Arbetade timmar,2018,1.5858333333333334,12
Arbetade timmar,2019,0.595,12
Arbetade timmar,2020,0.37833333333333335,12
Arbetade timmar,2021,-1.4066666666666665,12
Arbetade timmar,2022,1.0875000000000001,12
Arbetade timmar,2023,0.3325,12
Arbetade timmar,2024,-0.9249999999999999,12
BNP kvartal,2000,0.0049999999999999906,12
BNP kvartal,2001,-0.3525,12
BNP kvartal,2002,-0.45999999999999996,12
BNP kvartal,2003,-0.7600000000000001,12
BNP kvartal,2004,-0.029999999999999995,12
BNP kvartal,2005,0.5075,12
BNP kvartal,2006,1.7125000000000001,12
BNP kvartal,2007,2.2975,12
BNP kvartal,2008,0.7925000000000001,12
BNP kvartal,2009,-2.28,12
BNP kvartal,2010,-0.4375,12
BNP kvartal,2011,0.3575,12
BNP kvartal,2012,-0.8925,12
BNP kvartal,2013,-1.4124999999999999,12
BNP kvartal,2014,-1.1725,12
BNP kvartal,2015,0.08000000000000002,12
BNP kvartal,2016,0.2775,12
BNP kvartal,2017,0.4275,12
BNP kvartal,2018,0.29750000000000004,12
BNP kvartal,2019,0.7875,12
BNP kvartal,2020,0.4000000000000001,12
BNP kvartal,2021,0.6775000000000001,12
BNP kvartal,2022,0.6875,12
BNP kvartal,2023,-0.5125,12
BNP kvartal,2024,-0.71,12
BNP-indikator månad,2000,0.07833333333333334,12
BNP-indikator månad,2001,-0.1366666666666667,12
BNP-indikator månad,2002,-0.42333333333333334,12
BNP-indikator månad,2003,-0.9249999999999999,12
BNP-indikator månad,2004,-0.25916666666666666,12
BNP-indikator månad,2005,0.215,12
BNP-indikator månad,2006,1.4233333333333336,12
BNP-indikator månad,2007,2.3575,12
BNP-indikator månad,2008,1.0658333333333334,12
BNP-indikator månad,2009,-2.1366666666666667,12
BNP-indikator månad,2010,-0.37916666666666665,12
BNP-indikator månad,2011,0.41333333333333333,12
BNP-indikator månad,2012,-0.7425,12
BNP-indikator månad,2013,-1.345,12
BNP-indikator månad,2014,-1.0725,12
BNP-indikator månad,2015,0.18166666666666667,12
BNP-indikator månad,2016,0.2975,12
BNP-indikator månad,2017,0.4375,12
BNP-indikator månad,2018,0.2175,12
BNP-indikator månad,2019,0.8725,12
BNP-indikator månad,2020,-0.19000000000000003,12
BNP-indikator månad,2021,0.6733333333333333,12
BNP-indikator månad,2022,0.7241666666666666,12
BNP-indikator månad,2023,-0.46416666666666667,12
BNP-indikator månad,2024,-0.7466666666666667,12
Detaljhandel sällanköpsvaror,2000,0.515,12
Detaljhandel sällanköpsvaror,2001,-0.10416666666666667,12
Detaljhandel sällanköpsvaror,2002,-0.3625,12
Detaljhandel sällanköpsvaror,2003,-0.6066666666666666,12
Detaljhandel sällanköpsvaror,2004,-0.4275,12
Detaljhandel sällanköpsvaror,2005,-0.013333333333333336,12
Detaljhandel sällanköpsvaror,2006,0.5441666666666667,12
Detaljhandel sällanköpsvaror,2007,1.07,12
Detaljhandel sällanköpsvaror,2008,0.5858333333333333,12
Detaljhandel sällanköpsvaror,2009,-0.3116666666666667,12
Detaljhandel sällanköpsvaror,2010,0.075,12
Detaljhandel sällanköpsvaror,2011,-0.3558333333333333,12
Detaljhandel sällanköpsvaror,2012,-0.8016666666666666,12
Detaljhandel sällanköpsvaror,2013,-0.9708333333333333,12
Detaljhandel sällanköpsvaror,2014,-0.695,12
Detaljhandel sällanköpsvaror,2015,0.2275,12
Detaljhandel sällanköpsvaror,2016,0.2841666666666667,12
Detaljhandel sällanköpsvaror,2017,0.1875,12
Detaljhandel sällanköpsvaror,2018,-0.08666666666666667,12
Detaljhandel sällanköpsvaror,2019,0.04833333333333334,12
Detaljhandel sällanköpsvaror,2020,1.1624999999999999,12
Detaljhandel sällanköpsvaror,2021,2.569166666666667,12
Detaljhandel sällanköpsvaror,2022,1.1108333333333333,12
Detaljhandel sällanköpsvaror,2023,-1.4974999999999998,12
Detaljhandel sällanköpsvaror,2024,-2.330833333333333,12
Hushållens konfidensindikator,2000,1.7858333333333334,12
Hushållens konfidensindikator,2001,0.3541666666666667,12
Hushållens konfidensindikator,2002,0.365,12
Hushållens konfidensindikator,2003,0.013333333333333327,12
Hushållens konfidensindikator,2004,0.37833333333333335,12
Hushållens konfidensindikator,2005,0.5,12
Hushållens konfidensindikator,2006,0.8741666666666666,12
Hushållens konfidensindikator,2007,0.8516666666666667,12
Hushållens konfidensindikator,2008,-0.8491666666666666,12
Hushållens konfidensindikator,2009,-0.47500000000000003,12
Hushållens konfidensindikator,2010,0.9383333333333334,12
Hushållens konfidensindikator,2011,0.23666666666666666,12
Hushållens konfidensindikator,2012,-0.024999999999999998,12
Hushållens konfidensindikator,2013,0.16,12
Hushållens konfidensindikator,2014,0.38083333333333336,12
Hushållens konfidensindikator,2015,0.10083333333333333,12
Hushållens konfidensindikator,2016,0.20166666666666666,12
Hushållens konfidensindikator,2017,0.54,12
Hushållens konfidensindikator,2018,0.34,12
Hushållens konfidensindikator,2019,-0.11666666666666665,12
Hushållens konfidensindikator,2020,-0.3183333333333333,12
Hushållens konfidensindikator,2021,0.4925,12
Hushållens konfidensindikator,2022,-2.295,12
Hushållens konfidensindikator,2023,-2.8683333333333336,12
Hushållens konfidensindikator,2024,-0.6275000000000001,12
Hushållens konsumtion,2000,0.4466666666666667,12
Hushållens konsumtion,2001,0.09083333333333334,12
Hushållens konsumtion,2002,-0.24416666666666667,12
Hushållens konsumtion,2003,-0.5533333333333333,12
Hushållens konsumtion,2004,-0.9291666666666667,12
Hushållens konsumtion,2005,-0.1225,12
Hushållens konsumtion,2006,0.8574999999999999,12
Hushållens konsumtion,2007,1.9375,12
Hushållens konsumtion,2008,0.4875,12
Hushållens konsumtion,2009,-1.0866666666666667,12
Hushållens konsumtion,2010,-0.21083333333333332,12
Hushållens konsumtion,2011,-0.6366666666666667,12
Hushållens konsumtion,2012,-1.0841666666666667,12
Hushållens konsumtion,2013,-1.0008333333333332,12
Hushållens konsumtion,2014,-0.8116666666666666,12
Hushållens konsumtion,2015,-0.2041666666666667,12
Hushållens konsumtion,2016,0.9516666666666667,12
Hushållens konsumtion,2017,0.9533333333333335,12
Hushållens konsumtion,2018,1.3341666666666667,12
Hushållens konsumtion,2019,0.8916666666666666,12
Hushållens konsumtion,2020,0.4575,12
Hushållens konsumtion,2021,0.5850000000000001,12
Hushållens konsumtion,2022,1.1608333333333334,12
Hushållens konsumtion,2023,-1.6825,12
Hushållens konsumtion,2024,-1.6958333333333335,12
Industrins orderingång,2000,0.5075,12
Industrins orderingång,2001,-0.6191666666666668,12
Industrins orderingång,2002,-0.9916666666666667,12
Industrins orderingång,2003,-0.8383333333333334,12
Industrins orderingång,2004,-0.08916666666666667,12
Industrins orderingång,2005,0.2916666666666667,12
Industrins orderingång,2006,1.6066666666666667,12
Industrins orderingång,2007,2.3408333333333333,12
Industrins orderingång,2008,1.5058333333333334,12
Industrins orderingång,2009,-1.8125,12
Industrins orderingång,2010,-0.04749999999999999,12
Industrins orderingång,2011,0.1075,12
Industrins orderingång,2012,-0.6775000000000001,12
Industrins orderingång,2013,-1.1866666666666668,12
Industrins orderingång,2014,-1.3875,12
Industrins orderingång,2015,-0.5483333333333333,12
Industrins orderingång,2016,-0.19083333333333333,12
Industrins orderingång,2017,0.46249999999999997,12
Industrins orderingång,2018,0.6441666666666667,12
Industrins orderingång,2019,0.19083333333333333,12
Industrins orderingång,2020,0.2708333333333333,12
Industrins orderingång,2021,0.9283333333333333,12
Industrins orderingång,2022,0.3408333333333333,12
Industrins orderingång,2023,-0.09583333333333333,12
Industrins orderingång,2024,-0.6216666666666667,12
Nyregistrerade lastbilar,2000,0.5166666666666667,12
Nyregistrerade lastbilar,2001,-0.15666666666666668,12
Nyregistrerade lastbilar,2002,-0.5,12
Nyregistrerade lastbilar,2003,-0.66,12
Nyregistrerade lastbilar,2004,-0.31333333333333335,12
Nyregistrerade lastbilar,2005,0.4041666666666666,12
Nyregistrerade lastbilar,2006,0.7258333333333334,12
Nyregistrerade lastbilar,2007,1.4483333333333333,12
Nyregistrerade lastbilar,2008,0.54,12
Nyregistrerade lastbilar,2009,-2.1149999999999998,12
Nyregistrerade lastbilar,2010,-0.5525,12
Nyregistrerade lastbilar,2011,0.8475,12
Nyregistrerade lastbilar,2012,-0.44416666666666665,12
Nyregistrerade lastbilar,2013,-1.1325,12
Nyregistrerade lastbilar,2014,-0.5599999999999999,12
Nyregistrerade lastbilar,2015,-0.22166666666666668,12
Nyregistrerade lastbilar,2016,0.88,12
Nyregistrerade lastbilar,2017,1.625,12
Nyregistrerade lastbilar,2018,1.7483333333333333,12
Nyregistrerade lastbilar,2019,0.33416666666666667,12
Nyregistrerade lastbilar,2020,-0.7141666666666667,12
Nyregistrerade lastbilar,2021,-1.5199999999999998,12
Nyregistrerade lastbilar,2022,-0.7791666666666667,12
Nyregistrerade lastbilar,2023,0.7391666666666666,12
Nyregistrerade lastbilar,2024,0.105,12
Nyregistrerade personbilar,2000,0.9525,12
Nyregistrerade personbilar,2001,-0.7608333333333334,12
Nyregistrerade personbilar,2002,-0.435,12
Nyregistrerade personbilar,2003,-0.004166666666666668,12
Nyregistrerade personbilar,2004,0.13499999999999998,12
Nyregistrerade personbilar,2005,0.35000000000000003,12
Nyregistrerade personbilar,2006,0.59,12
Nyregistrerade personbilar,2007,1.105,12
Nyregistrerade personbilar,2008,-0.7658333333333333,12
Nyregistrerade personbilar,2009,-2.4441666666666664,12
Nyregistrerade personbilar,2010,0.07166666666666666,12
Nyregistrerade personbilar,2011,0.65,12
Nyregistrerade personbilar,2012,-0.7283333333333334,12
Nyregistrerade personbilar,2013,-1.1066666666666667,12
Nyregistrerade personbilar,2014,-0.2816666666666667,12
Nyregistrerade personbilar,2015,0.6208333333333333,12
Nyregistrerade personbilar,2016,1.4658333333333333,12
Nyregistrerade personbilar,2017,1.5116666666666667,12
Nyregistrerade personbilar,2018,1.2116666666666667,12
Nyregistrerade personbilar,2019,0.4608333333333334,12
Nyregistrerade personbilar,2020,-0.455,12
Nyregistrerade personbilar,2021,-1.0975,12
Nyregistrerade personbilar,2022,-1.1908333333333334,12
Nyregistrerade personbilar,2023,-0.14666666666666667,12
Nyregistrerade personbilar,2024,-0.39083333333333337,12
Näringslivets efterfrågan,2000,,0
Näringslivets efterfrågan,2001,,1
Näringslivets efterfrågan,2002,0.06416666666666666,12
Näringslivets efterfrågan,2003,-1.1475,12
Näringslivets efterfrågan,2004,-0.6858333333333334,12
Näringslivets efterfrågan,2005,0.2275,12
Näringslivets efterfrågan,2006,1.3691666666666666,12
Näringslivets efterfrågan,2007,2.1891666666666665,12
Näringslivets efterfrågan,2008,0.8375,12
Näringslivets efterfrågan,2009,-1.9133333333333333,12
Näringslivets efterfrågan,2010,-0.24916666666666668,12
Näringslivets efterfrågan,2011,0.1758333333333333,12
Näringslivets efterfrågan,2012,-0.8158333333333334,12
Näringslivets efterfrågan,2013,-1.2508333333333332,12
Näringslivets efterfrågan,2014,-0.7883333333333334,12
Näringslivets efterfrågan,2015,0.1025,12
Näringslivets efterfrågan,2016,0.42,12
Näringslivets efterfrågan,2017,1.0416666666666667,12
Näringslivets efterfrågan,2018,1.0491666666666666,12
Näringslivets efterfrågan,2019,0.11833333333333333,12
Näringslivets efterfrågan,2020,-0.8366666666666666,12
Näringslivets efterfrågan,2021,0.3658333333333334,12
Näringslivets efterfrågan,2022,1.0883333333333334,12
Näringslivets efterfrågan,2023,-0.46166666666666667,12
Näringslivets efterfrågan,2024,-0.7308333333333333,12
Näringslivets produktion,2000,0.19666666666666668,12
Näringslivets produktion,2001,0.025833333333333333,12
Näringslivets produktion,2002,-0.4716666666666667,12
Näringslivets produktion,2003,-0.6266666666666666,12
Näringslivets produktion,2004,-0.305,12
Näringslivets produktion,2005,0.07666666666666667,12
Näringslivets produktion,2006,0.9991666666666666,12
Näringslivets produktion,2007,2.265,12
Näringslivets produktion,2008,1.1191666666666666,12
Näringslivets produktion,2009,-1.6583333333333332,12
Näringslivets produktion,2010,-0.6766666666666667,12
Näringslivets produktion,2011,0.22166666666666668,12
Näringslivets produktion,2012,-0.5108333333333334,12
Näringslivets produktion,2013,-1.4533333333333334,12
Näringslivets produktion,2014,-1.6983333333333333,12
Näringslivets produktion,2015,-0.06666666666666667,12
Näringslivets produktion,2016,0.06833333333333334,12
Näringslivets produktion,2017,0.8275,12
Näringslivets produktion,2018,1.2683333333333333,12
Näringslivets produktion,2019,0.9083333333333333,12
Näringslivets produktion,2020,-0.66,12
Näringslivets produktion,2021,0.52,12
Näringslivets produktion,2022,1.1141666666666665,12
Näringslivets produktion,2023,-0.013333333333333327,12
Näringslivets produktion,2024,-1.0975,12
Sysselsättning,2000,,0
Sysselsättning,2001,0.8033333333333333,12
Sysselsättning,2002,0.5091666666666667,12
Sysselsättning,2003,-0.11666666666666665,12
Sysselsättning,2004,-0.9958333333333335,12
Sysselsättning,2005,-1.2933333333333332,12
Sysselsättning,2006,-0.19833333333333333,12
Sysselsättning,2007,1.6058333333333332,12
Sysselsättning,2008,1.9508333333333334,12
Sysselsättning,2009,-1.05,12
Sysselsättning,2010,-1.3558333333333332,12
Sysselsättning,2011,-0.1425,12
Sysselsättning,2012,-0.4825,12
Sysselsättning,2013,-0.7158333333333333,12
Sysselsättning,2014,-0.4041666666666666,12
Sysselsättning,2015,-0.3025,12
Sysselsättning,2016,-0.009999999999999995,12
Sysselsättning,2017,1.0916666666666666,12
Sysselsättning,2018,1.51,12
Sysselsättning,2019,1.1458333333333333,12
Sysselsättning,2020,-0.5591666666666667,12
Sysselsättning,2021,-1.2891666666666668,12
Sysselsättning,2022,0.7216666666666667,12
Sysselsättning,2023,0.6383333333333333,12
Sysselsättning,2024,-0.18083333333333332,12
Varuexport,2000,0.45333333333333337,12
Varuexport,2001,-0.5066666666666667,12
Varuexport,2002,-0.9516666666666667,12
Varuexport,2003,-0.79,12
Varuexport,2004,0.10666666666666667,12
Varuexport,2005,0.5158333333333333,12
Varuexport,2006,1.2266666666666668,12
Varuexport,2007,1.5466666666666666,12
Varuexport,2008,1.6049999999999998,12
Varuexport,2009,-2.685833333333333,12
Varuexport,2010,-0.45249999999999996,12
Varuexport,2011,1.2274999999999998,12
Varuexport,2012,0.42333333333333334,12
Varuexport,2013,-0.7666666666666666,12
Varuexport,2014,-1.0158333333333334,12
Varuexport,2015,-0.6733333333333333,12
Varuexport,2016,-0.6275000000000001,12
Varuexport,2017,-0.03833333333333333,12
Varuexport,2018,0.4583333333333333,12
Varuexport,2019,0.2725,12
Varuexport,2020,0.125,12
Varuexport,2021,0.5675,12
Varuexport,2022,0.735,12
Varuexport,2023,0.0425,12
Varuexport,2024,-0.7458333333333332,12
Varuimport,2000,0.985,12
Varuimport,2001,-0.1625,12
Varuimport,2002,-0.975,12
Varuimport,2003,-0.7383333333333333,12
Varuimport,2004,-0.43333333333333335,12
Varuimport,2005,-0.08916666666666667,12
Varuimport,2006,0.6841666666666666,12
Varuimport,2007,1.7791666666666668,12
Varuimport,2008,1.3341666666666665,12
Varuimport,2009,-2.410833333333333,12
Varuimport,2010,0.07833333333333332,12
Varuimport,2011,0.8533333333333334,12
Varuimport,2012,0.0033333333333333457,12
Varuimport,2013,-1.1791666666666667,12
Varuimport,2014,-0.965,12
Varuimport,2015,-0.31916666666666665,12
Varuimport,2016,-0.012499999999999999,12
Varuimport,2017,0.435,12
Varuimport,2018,1.0183333333333333,12
Varuimport,2019,0.11833333333333335,12
Varuimport,2020,-0.4216666666666667,12
Varuimport,2021,0.7091666666666666,12
Varuimport,2022,1.3708333333333333,12
Varuimport,2023,-0.17416666666666666,12
Varuimport,2024,-1.0416666666666667,12
