variant,kommuntyp,indikator,traffsakerhet_senare_ar,traffsakerhet_traning,traffsakerhet_validering,baslinje_senare_ar,baslinje_traning,baslinje_validering,skillnad_senare_ar,skillnad_traning,skillnad_validering,regeltackning_senare_ar,regeltackning_traning,regeltackning_validering
exakt_noll,A,Arbetade timmar,0.3695652173913043,0.4963768115942029,0.3532608695652174,0.3695652173913043,0.4963768115942029,0.3532608695652174,0.0,0.0,0.0,0.0,0.0,0.0
exakt_noll,A,BNP kvartal,0.3695652173913043,0.4963768115942029,0.3532608695652174,0.3695652173913043,0.4963768115942029,0.3532608695652174,0.0,0.0,0.0,0.0,0.0,0.0
exakt_noll,A,BNP-indikator månad,0.3695652173913043,0.4963768115942029,0.3532608695652174,0.3695652173913043,0.4963768115942029,0.3532608695652174,0.0,0.0,0.0,0.0,0.0,0.0
exakt_noll,A,Detaljhandel sällanköpsvaror,0.3695652173913043,0.4963768115942029,0.3532608695652174,0.3695652173913043,0.4963768115942029,0.3532608695652174,0.0,0.0,0.0,0.0,0.0,0.0
exakt_noll,A,Hushållens konfidensindikator,0.3695652173913043,0.4963768115942029,0.3532608695652174,0.3695652173913043,0.4963768115942029,0.3532608695652174,0.0,0.0,0.0,0.0,0.0,0.0
exakt_noll,A,Hushållens konsumtion,0.3695652173913043,0.4963768115942029,0.3532608695652174,0.3695652173913043,0.4963768115942029,0.3532608695652174,0.0,0.0,0.0,0.0,0.0,0.0
exakt_noll,A,Industrins orderingång,0.3695652173913043,0.4963768115942029,0.3532608695652174,0.3695652173913043,0.4963768115942029,0.3532608695652174,0.0,0.0,0.0,0.0,0.0,0.0
exakt_noll,A,Nyregistrerade lastbilar,0.3695652173913043,0.4963768115942029,0.3532608695652174,0.3695652173913043,0.4963768115942029,0.3532608695652174,0.0,0.0,0.0,0.0,0.0,0.0
exakt_noll,A,Nyregistrerade personbilar,0.3695652173913043,0.4963768115942029,0.3532608695652174,0.3695652173913043,0.4963768115942029,0.3532608695652174,0.0,0.0,0.0,0.0,0.0,0.0
exakt_noll,A,Näringslivets efterfrågan,0.3695652173913043,0.4963768115942029,0.3532608695652174,0.3695652173913043,0.4963768115942029,0.3532608695652174,0.0,0.0,0.0,0.0,0.0,0.0
exakt_noll,A,Näringslivets produktion,0.3695652173913043,0.4963768115942029,0.3532608695652174,0.3695652173913043,0.4963768115942029,0.3532608695652174,0.0,0.0,0.0,0.0,0.0,0.0
exakt_noll,A,Sysselsättning,0.3695652173913043,0.4963768115942029,0.3532608695652174,0.3695652173913043,0.4963768115942029,0.3532608695652174,0.0,0.0,0.0,0.0,0.0,0.0
exakt_noll,A,Varuexport,0.3695652173913043,0.4963768115942029,0.3532608695652174,0.3695652173913043,0.4963768115942029,0.3532608695652174,0.0,0.0,0.0,0.0,0.0,0.0
exakt_noll,A,Varuimport,0.3695652173913043,0.4963768115942029,0.3532608695652174,0.3695652173913043,0.4963768115942029,0.3532608695652174,0.0,0.0,0.0,0.0,0.0,0.0
exakt_noll,B,Arbetade timmar,0.37267080745341613,0.53,0.4305555555555556,0.37267080745341613,0.53,0.4305555555555556,0.0,0.0,0.0,0.0,0.0,0.0
exakt_noll,B,BNP kvartal,0.37267080745341613,0.53,0.4305555555555556,0.37267080745341613,0.53,0.4305555555555556,0.0,0.0,0.0,0.0,0.0,0.0
exakt_noll,B,BNP-indikator månad,0.37267080745341613,0.53,0.4305555555555556,0.37267080745341613,0.53,0.4305555555555556,0.0,0.0,0.0,0.0,0.0,0.0
exakt_noll,B,Detaljhandel sällanköpsvaror,0.37267080745341613,0.53,0.4305555555555556,0.37267080745341613,0.53,0.4305555555555556,0.0,0.0,0.0,0.0,0.0,0.0
exakt_noll,B,Hushållens konfidensindikator,0.37267080745341613,0.53,0.4305555555555556,0.37267080745341613,0.53,0.4305555555555556,0.0,0.0,0.0,0.0,0.0,0.0
exakt_noll,B,Hushållens konsumtion,0.37267080745341613,0.53,0.4305555555555556,0.37267080745341613,0.53,0.4305555555555556,0.0,0.0,0.0,0.0,0.0,0.0
exakt_noll,B,Industrins orderingång,0.37267080745341613,0.53,0.4305555555555556,0.37267080745341613,0.53,0.4305555555555556,0.0,0.0,0.0,0.0,0.0,0.0
exakt_noll,B,Nyregistrerade lastbilar,0.37267080745341613,0.53,0.4305555555555556,0.37267080745341613,0.53,0.4305555555555556,0.0,0.0,0.0,0.0,0.0,0.0
exakt_noll,B,Nyregistrerade personbilar,0.37267080745341613,0.53,0.4305555555555556,0.37267080745341613,0.53,0.4305555555555556,0.0,0.0,0.0,0.0,0.0,0.0
exakt_noll,B,Näringslivets efterfrågan,0.37267080745341613,0.53,0.4305555555555556,0.37267080745341613,0.53,0.4305555555555556,0.0,0.0,0.0,0.0,0.0,0.0
exakt_noll,B,Näringslivets produktion,0.37267080745341613,0.53,0.4305555555555556,0.37267080745341613,0.53,0.4305555555555556,0.0,0.0,0.0,0.0,0.0,0.0
exakt_noll,B,Sysselsättning,0.37267080745341613,0.53,0.4305555555555556,0.37267080745341613,0.53,0.4305555555555556,0.0,0.0,0.0,0.0,0.0,0.0
exakt_noll,B,Varuexport,0.37267080745341613,0.53,0.4305555555555556,0.37267080745341613,0.53,0.4305555555555556,0.0,0.0,0.0,0.0,0.0,0.0
exakt_noll,B,Varuimport,0.37267080745341613,0.53,0.4305555555555556,0.37267080745341613,0.53,0.4305555555555556,0.0,0.0,0.0,0.0,0.0,0.0
exakt_noll,C,Arbetade timmar,0.395128552097429,0.5029624753127058,0.4457593688362919,0.395128552097429,0.5029624753127058,0.4457593688362919,0.0,0.0,0.0,0.0,0.0,0.0
exakt_noll,C,BNP kvartal,0.395128552097429,0.5029624753127058,0.4457593688362919,0.395128552097429,0.5029624753127058,0.4457593688362919,0.0,0.0,0.0,0.0,0.0,0.0
exakt_noll,C,BNP-indikator månad,0.395128552097429,0.5029624753127058,0.4457593688362919,0.395128552097429,0.5029624753127058,0.4457593688362919,0.0,0.0,0.0,0.0,0.0,0.0
exakt_noll,C,Detaljhandel sällanköpsvaror,0.395128552097429,0.5029624753127058,0.4457593688362919,0.395128552097429,0.5029624753127058,0.4457593688362919,0.0,0.0,0.0,0.0,0.0,0.0
exakt_noll,C,Hushållens konfidensindikator,0.395128552097429,0.5029624753127058,0.4457593688362919,0.395128552097429,0.5029624753127058,0.4457593688362919,0.0,0.0,0.0,0.0,0.0,0.0
exakt_noll,C,Hushållens konsumtion,0.395128552097429,0.5029624753127058,0.4457593688362919,0.395128552097429,0.5029624753127058,0.4457593688362919,0.0,0.0,0.0,0.0,0.0,0.0
exakt_noll,C,Industrins orderingång,0.395128552097429,0.5029624753127058,0.4457593688362919,0.395128552097429,0.5029624753127058,0.4457593688362919,0.0,0.0,0.0,0.0,0.0,0.0
exakt_noll,C,Nyregistrerade lastbilar,0.395128552097429,0.5029624753127058,0.4457593688362919,0.395128552097429,0.5029624753127058,0.4457593688362919,0.0,0.0,0.0,0.0,0.0,0.0
exakt_noll,C,Nyregistrerade personbilar,0.395128552097429,0.5029624753127058,0.4457593688362919,0.395128552097429,0.5029624753127058,0.4457593688362919,0.0,0.0,0.0,0.0,0.0,0.0
exakt_noll,C,Näringslivets efterfrågan,0.395128552097429,0.5029624753127058,0.4457593688362919,0.395128552097429,0.5029624753127058,0.4457593688362919,0.0,0.0,0.0,0.0,0.0,0.0
exakt_noll,C,Näringslivets produktion,0.395128552097429,0.5029624753127058,0.4457593688362919,0.395128552097429,0.5029624753127058,0.4457593688362919,0.0,0.0,0.0,0.0,0.0,0.0
exakt_noll,C,Sysselsättning,0.395128552097429,0.5029624753127058,0.4457593688362919,0.395128552097429,0.5029624753127058,0.4457593688362919,0.0,0.0,0.0,0.0,0.0,0.0
exakt_noll,C,Varuexport,0.395128552097429,0.5029624753127058,0.4457593688362919,0.395128552097429,0.5029624753127058,0.4457593688362919,0.0,0.0,0.0,0.0,0.0,0.0
exakt_noll,C,Varuimport,0.395128552097429,0.5029624753127058,0.4457593688362919,0.395128552097429,0.5029624753127058,0.4457593688362919,0.0,0.0,0.0,0.0,0.0,0.0
neutral_002,A,Arbetade timmar,0.3188405797101449,0.45108695652173914,0.28804347826086957,0.3188405797101449,0.45108695652173914,0.28804347826086957,0.0,0.0,0.0,0.0,0.0,0.0
neutral_002,A,BNP kvartal,0.3188405797101449,0.45108695652173914,0.28804347826086957,0.3188405797101449,0.45108695652173914,0.28804347826086957,0.0,0.0,0.0,0.0,0.0,0.0
neutral_002,A,BNP-indikator månad,0.3188405797101449,0.45108695652173914,0.28804347826086957,0.3188405797101449,0.45108695652173914,0.28804347826086957,0.0,0.0,0.0,0.0,0.0,0.0
neutral_002,A,Detaljhandel sällanköpsvaror,0.3188405797101449,0.45108695652173914,0.28804347826086957,0.3188405797101449,0.45108695652173914,0.28804347826086957,0.0,0.0,0.0,0.0,0.0,0.0
neutral_002,A,Hushållens konfidensindikator,0.3188405797101449,0.45108695652173914,0.28804347826086957,0.3188405797101449,0.45108695652173914,0.28804347826086957,0.0,0.0,0.0,0.0,0.0,0.0
neutral_002,A,Hushållens konsumtion,0.3188405797101449,0.45108695652173914,0.28804347826086957,0.3188405797101449,0.45108695652173914,0.28804347826086957,0.0,0.0,0.0,0.0,0.0,0.0
neutral_002,A,Industrins orderingång,0.3188405797101449,0.45108695652173914,0.28804347826086957,0.3188405797101449,0.45108695652173914,0.28804347826086957,0.0,0.0,0.0,0.0,0.0,0.0
neutral_002,A,Nyregistrerade lastbilar,0.3188405797101449,0.45108695652173914,0.28804347826086957,0.3188405797101449,0.45108695652173914,0.28804347826086957,0.0,0.0,0.0,0.0,0.0,0.0
neutral_002,A,Nyregistrerade personbilar,0.3188405797101449,0.45108695652173914,0.28804347826086957,0.3188405797101449,0.45108695652173914,0.28804347826086957,0.0,0.0,0.0,0.0,0.0,0.0
neutral_002,A,Näringslivets efterfrågan,0.3188405797101449,0.45108695652173914,0.28804347826086957,0.3188405797101449,0.45108695652173914,0.28804347826086957,0.0,0.0,0.0,0.0,0.0,0.0
neutral_002,A,Näringslivets produktion,0.3188405797101449,0.45108695652173914,0.28804347826086957,0.3188405797101449,0.45108695652173914,0.28804347826086957,0.0,0.0,0.0,0.0,0.0,0.0
neutral_002,A,Sysselsättning,0.3188405797101449,0.45108695652173914,0.28804347826086957,0.3188405797101449,0.45108695652173914,0.28804347826086957,0.0,0.0,0.0,0.0,0.0,0.0
neutral_002,A,Varuexport,0.3188405797101449,0.45108695652173914,0.28804347826086957,0.3188405797101449,0.45108695652173914,0.28804347826086957,0.0,0.0,0.0,0.0,0.0,0.0
neutral_002,A,Varuimport,0.3188405797101449,0.45108695652173914,0.28804347826086957,0.3188405797101449,0.45108695652173914,0.28804347826086957,0.0,0.0,0.0,0.0,0.0,0.0
neutral_002,B,Arbetade timmar,0.327639751552795,0.4776923076923077,0.38657407407407407,0.327639751552795,0.4776923076923077,0.38657407407407407,0.0,0.0,0.0,0.0,0.0,0.0
neutral_002,B,BNP kvartal,0.327639751552795,0.4776923076923077,0.38657407407407407,0.327639751552795,0.4776923076923077,0.38657407407407407,0.0,0.0,0.0,0.0,0.0,0.0
neutral_002,B,BNP-indikator månad,0.327639751552795,0.4776923076923077,0.38657407407407407,0.327639751552795,0.4776923076923077,0.38657407407407407,0.0,0.0,0.0,0.0,0.0,0.0
neutral_002,B,Detaljhandel sällanköpsvaror,0.327639751552795,0.4776923076923077,0.38657407407407407,0.327639751552795,0.4776923076923077,0.38657407407407407,0.0,0.0,0.0,0.0,0.0,0.0
neutral_002,B,Hushållens konfidensindikator,0.327639751552795,0.4776923076923077,0.38657407407407407,0.327639751552795,0.4776923076923077,0.38657407407407407,0.0,0.0,0.0,0.0,0.0,0.0
neutral_002,B,Hushållens konsumtion,0.327639751552795,0.4776923076923077,0.38657407407407407,0.327639751552795,0.4776923076923077,0.38657407407407407,0.0,0.0,0.0,0.0,0.0,0.0
neutral_002,B,Industrins orderingång,0.327639751552795,0.4776923076923077,0.38657407407407407,0.327639751552795,0.4776923076923077,0.38657407407407407,0.0,0.0,0.0,0.0,0.0,0.0
neutral_002,B,Nyregistrerade lastbilar,0.327639751552795,0.4776923076923077,0.38657407407407407,0.327639751552795,0.4776923076923077,0.38657407407407407,0.0,0.0,0.0,0.0,0.0,0.0
neutral_002,B,Nyregistrerade personbilar,0.327639751552795,0.4776923076923077,0.38657407407407407,0.327639751552795,0.4776923076923077,0.38657407407407407,0.0,0.0,0.0,0.0,0.0,0.0
neutral_002,B,Näringslivets efterfrågan,0.327639751552795,0.4776923076923077,0.38657407407407407,0.327639751552795,0.4776923076923077,0.38657407407407407,0.0,0.0,0.0,0.0,0.0,0.0
neutral_002,B,Näringslivets produktion,0.327639751552795,0.4776923076923077,0.38657407407407407,0.327639751552795,0.4776923076923077,0.38657407407407407,0.0,0.0,0.0,0.0,0.0,0.0
neutral_002,B,Sysselsättning,0.327639751552795,0.4776923076923077,0.38657407407407407,0.327639751552795,0.4776923076923077,0.38657407407407407,0.0,0.0,0.0,0.0,0.0,0.0
neutral_002,B,Varuexport,0.327639751552795,0.4776923076923077,0.38657407407407407,0.327639751552795,0.4776923076923077,0.38657407407407407,0.0,0.0,0.0,0.0,0.0,0.0
neutral_002,B,Varuimport,0.327639751552795,0.4776923076923077,0.38657407407407407,0.327639751552795,0.4776923076923077,0.38657407407407407,0.0,0.0,0.0,0.0,0.0,0.0
neutral_002,C,Arbetade timmar,0.35453315290933696,0.47465437788018433,0.4161735700197239,0.35453315290933696,0.47465437788018433,0.4161735700197239,0.0,0.0,0.0,0.0,0.0,0.0
neutral_002,C,BNP kvartal,0.35453315290933696,0.47465437788018433,0.4161735700197239,0.35453315290933696,0.47465437788018433,0.4161735700197239,0.0,0.0,0.0,0.0,0.0,0.0
neutral_002,C,BNP-indikator månad,0.35453315290933696,0.47465437788018433,0.4161735700197239,0.35453315290933696,0.47465437788018433,0.4161735700197239,0.0,0.0,0.0,0.0,0.0,0.0
neutral_002,C,Detaljhandel sällanköpsvaror,0.35453315290933696,0.47465437788018433,0.4161735700197239,0.35453315290933696,0.47465437788018433,0.4161735700197239,0.0,0.0,0.0,0.0,0.0,0.0
neutral_002,C,Hushållens konfidensindikator,0.35453315290933696,0.47465437788018433,0.4161735700197239,0.35453315290933696,0.47465437788018433,0.4161735700197239,0.0,0.0,0.0,0.0,0.0,0.0
neutral_002,C,Hushållens konsumtion,0.35453315290933696,0.47465437788018433,0.4161735700197239,0.35453315290933696,0.47465437788018433,0.4161735700197239,0.0,0.0,0.0,0.0,0.0,0.0
neutral_002,C,Industrins orderingång,0.35453315290933696,0.47465437788018433,0.4161735700197239,0.35453315290933696,0.47465437788018433,0.4161735700197239,0.0,0.0,0.0,0.0,0.0,0.0
neutral_002,C,Nyregistrerade lastbilar,0.35453315290933696,0.47465437788018433,0.4161735700197239,0.35453315290933696,0.47465437788018433,0.4161735700197239,0.0,0.0,0.0,0.0,0.0,0.0
neutral_002,C,Nyregistrerade personbilar,0.35453315290933696,0.47465437788018433,0.4161735700197239,0.35453315290933696,0.47465437788018433,0.4161735700197239,0.0,0.0,0.0,0.0,0.0,0.0
neutral_002,C,Näringslivets efterfrågan,0.35453315290933696,0.47465437788018433,0.4161735700197239,0.35453315290933696,0.47465437788018433,0.4161735700197239,0.0,0.0,0.0,0.0,0.0,0.0
neutral_002,C,Näringslivets produktion,0.35453315290933696,0.47465437788018433,0.4161735700197239,0.35453315290933696,0.47465437788018433,0.4161735700197239,0.0,0.0,0.0,0.0,0.0,0.0
neutral_002,C,Sysselsättning,0.35453315290933696,0.47465437788018433,0.4161735700197239,0.35453315290933696,0.47465437788018433,0.4161735700197239,0.0,0.0,0.0,0.0,0.0,0.0
neutral_002,C,Varuexport,0.35453315290933696,0.47465437788018433,0.4161735700197239,0.35453315290933696,0.47465437788018433,0.4161735700197239,0.0,0.0,0.0,0.0,0.0,0.0
neutral_002,C,Varuimport,0.35453315290933696,0.47465437788018433,0.4161735700197239,0.35453315290933696,0.47465437788018433,0.4161735700197239,0.0,0.0,0.0,0.0,0.0,0.0
