variant,kommuntyp,indikator,period,antal_valda_regler,baslinjeklass,rader,ar,traffsakerhet,baslinje,skillnad,balanserad_traffsakerhet,baslinje_balanserad,regeltackning,arsviktad_skillnad
exakt_noll,A,Arbetade timmar,traning,0,okning,552,12,0.4963768115942029,0.4963768115942029,0.0,0.3333333333333333,0.3333333333333333,0.0,0.0
exakt_noll,A,Arbetade timmar,validering,0,okning,184,4,0.3532608695652174,0.3532608695652174,0.0,0.3333333333333333,0.3333333333333333,0.0,0.0
exakt_noll,A,Arbetade timmar,senare_ar,0,okning,276,6,0.3695652173913043,0.3695652173913043,0.0,0.3333333333333333,0.3333333333333333,0.0,0.0
exakt_noll,A,BNP kvartal,traning,0,okning,552,12,0.4963768115942029,0.4963768115942029,0.0,0.3333333333333333,0.3333333333333333,0.0,0.0
exakt_noll,A,BNP kvartal,validering,0,okning,184,4,0.3532608695652174,0.3532608695652174,0.0,0.3333333333333333,0.3333333333333333,0.0,0.0
exakt_noll,A,BNP kvartal,senare_ar,0,okning,276,6,0.3695652173913043,0.3695652173913043,0.0,0.3333333333333333,0.3333333333333333,0.0,0.0
exakt_noll,A,BNP-indikator månad,traning,0,okning,552,12,0.4963768115942029,0.4963768115942029,0.0,0.3333333333333333,0.3333333333333333,0.0,0.0
exakt_noll,A,BNP-indikator månad,validering,0,okning,184,4,0.3532608695652174,0.3532608695652174,0.0,0.3333333333333333,0.3333333333333333,0.0,0.0
exakt_noll,A,BNP-indikator månad,senare_ar,0,okning,276,6,0.3695652173913043,0.3695652173913043,0.0,0.3333333333333333,0.3333333333333333,0.0,0.0
exakt_noll,A,Detaljhandel sällanköpsvaror,traning,0,okning,552,12,0.4963768115942029,0.4963768115942029,0.0,0.3333333333333333,0.3333333333333333,0.0,0.0
exakt_noll,A,Detaljhandel sällanköpsvaror,validering,0,okning,184,4,0.3532608695652174,0.3532608695652174,0.0,0.3333333333333333,0.3333333333333333,0.0,0.0
exakt_noll,A,Detaljhandel sällanköpsvaror,senare_ar,0,okning,276,6,0.3695652173913043,0.3695652173913043,0.0,0.3333333333333333,0.3333333333333333,0.0,0.0
exakt_noll,A,Hushållens konfidensindikator,traning,0,okning,552,12,0.4963768115942029,0.4963768115942029,0.0,0.3333333333333333,0.3333333333333333,0.0,0.0
exakt_noll,A,Hushållens konfidensindikator,validering,0,okning,184,4,0.3532608695652174,0.3532608695652174,0.0,0.3333333333333333,0.3333333333333333,0.0,0.0
exakt_noll,A,Hushållens konfidensindikator,senare_ar,0,okning,276,6,0.3695652173913043,0.3695652173913043,0.0,0.3333333333333333,0.3333333333333333,0.0,0.0
exakt_noll,A,Hushållens konsumtion,traning,0,okning,552,12,0.4963768115942029,0.4963768115942029,0.0,0.3333333333333333,0.3333333333333333,0.0,0.0
exakt_noll,A,Hushållens konsumtion,validering,0,okning,184,4,0.3532608695652174,0.3532608695652174,0.0,0.3333333333333333,0.3333333333333333,0.0,0.0
exakt_noll,A,Hushållens konsumtion,senare_ar,0,okning,276,6,0.3695652173913043,0.3695652173913043,0.0,0.3333333333333333,0.3333333333333333,0.0,0.0
exakt_noll,A,Industrins orderingång,traning,0,okning,552,12,0.4963768115942029,0.4963768115942029,0.0,0.3333333333333333,0.3333333333333333,0.0,0.0
exakt_noll,A,Industrins orderingång,validering,0,okning,184,4,0.3532608695652174,0.3532608695652174,0.0,0.3333333333333333,0.3333333333333333,0.0,0.0
exakt_noll,A,Industrins orderingång,senare_ar,0,okning,276,6,0.3695652173913043,0.3695652173913043,0.0,0.3333333333333333,0.3333333333333333,0.0,0.0
exakt_noll,A,Nyregistrerade lastbilar,traning,0,okning,552,12,0.4963768115942029,0.4963768115942029,0.0,0.3333333333333333,0.3333333333333333,0.0,0.0
exakt_noll,A,Nyregistrerade lastbilar,validering,0,okning,184,4,0.3532608695652174,0.3532608695652174,0.0,0.3333333333333333,0.3333333333333333,0.0,0.0
exakt_noll,A,Nyregistrerade lastbilar,senare_ar,0,okning,276,6,0.3695652173913043,0.3695652173913043,0.0,0.3333333333333333,0.3333333333333333,0.0,0.0
exakt_noll,A,Nyregistrerade personbilar,traning,0,okning,552,12,0.4963768115942029,0.4963768115942029,0.0,0.3333333333333333,0.3333333333333333,0.0,0.0
exakt_noll,A,Nyregistrerade personbilar,validering,0,okning,184,4,0.3532608695652174,0.3532608695652174,0.0,0.3333333333333333,0.3333333333333333,0.0,0.0
exakt_noll,A,Nyregistrerade personbilar,senare_ar,0,okning,276,6,0.3695652173913043,0.3695652173913043,0.0,0.3333333333333333,0.3333333333333333,0.0,0.0
exakt_noll,A,Näringslivets efterfrågan,traning,0,okning,552,12,0.4963768115942029,0.4963768115942029,0.0,0.3333333333333333,0.3333333333333333,0.0,0.0
exakt_noll,A,Näringslivets efterfrågan,validering,0,okning,184,4,0.3532608695652174,0.3532608695652174,0.0,0.3333333333333333,0.3333333333333333,0.0,0.0
exakt_noll,A,Näringslivets efterfrågan,senare_ar,0,okning,276,6,0.3695652173913043,0.3695652173913043,0.0,0.3333333333333333,0.3333333333333333,0.0,0.0
exakt_noll,A,Näringslivets produktion,traning,0,okning,552,12,0.4963768115942029,0.4963768115942029,0.0,0.3333333333333333,0.3333333333333333,0.0,0.0
exakt_noll,A,Näringslivets produktion,validering,0,okning,184,4,0.3532608695652174,0.3532608695652174,0.0,0.3333333333333333,0.3333333333333333,0.0,0.0
exakt_noll,A,Näringslivets produktion,senare_ar,0,okning,276,6,0.3695652173913043,0.3695652173913043,0.0,0.3333333333333333,0.3333333333333333,0.0,0.0
exakt_noll,A,Sysselsättning,traning,0,okning,552,12,0.4963768115942029,0.4963768115942029,0.0,0.3333333333333333,0.3333333333333333,0.0,0.0
exakt_noll,A,Sysselsättning,validering,0,okning,184,4,0.3532608695652174,0.3532608695652174,0.0,0.3333333333333333,0.3333333333333333,0.0,0.0
exakt_noll,A,Sysselsättning,senare_ar,0,okning,276,6,0.3695652173913043,0.3695652173913043,0.0,0.3333333333333333,0.3333333333333333,0.0,0.0
exakt_noll,A,Varuexport,traning,0,okning,552,12,0.4963768115942029,0.4963768115942029,0.0,0.3333333333333333,0.3333333333333333,0.0,0.0
exakt_noll,A,Varuexport,validering,0,okning,184,4,0.3532608695652174,0.3532608695652174,0.0,0.3333333333333333,0.3333333333333333,0.0,0.0
exakt_noll,A,Varuexport,senare_ar,0,okning,276,6,0.3695652173913043,0.3695652173913043,0.0,0.3333333333333333,0.3333333333333333,0.0,0.0
exakt_noll,A,Varuimport,traning,0,okning,552,12,0.4963768115942029,0.4963768115942029,0.0,0.3333333333333333,0.3333333333333333,0.0,0.0
exakt_noll,A,Varuimport,validering,0,okning,184,4,0.3532608695652174,0.3532608695652174,0.0,0.3333333333333333,0.3333333333333333,0.0,0.0
exakt_noll,A,Varuimport,senare_ar,0,okning,276,6,0.3695652173913043,0.3695652173913043,0.0,0.3333333333333333,0.3333333333333333,0.0,0.0
exakt_noll,B,Arbetade timmar,traning,0,okning,1300,12,0.53,0.53,0.0,0.3333333333333333,0.3333333333333333,0.0,0.0
exakt_noll,B,Arbetade timmar,validering,0,okning,432,4,0.4305555555555556,0.4305555555555556,0.0,0.3333333333333333,0.3333333333333333,0.0,0.0
exakt_noll,B,Arbetade timmar,senare_ar,0,okning,644,6,0.37267080745341613,0.37267080745341613,0.0,0.3333333333333333,0.3333333333333333,0.0,0.0
exakt_noll,B,BNP kvartal,traning,0,okning,1300,12,0.53,0.53,0.0,0.3333333333333333,0.3333333333333333,0.0,0.0
exakt_noll,B,BNP kvartal,validering,0,okning,432,4,0.4305555555555556,0.4305555555555556,0.0,0.3333333333333333,0.3333333333333333,0.0,0.0
exakt_noll,B,BNP kvartal,senare_ar,0,okning,644,6,0.37267080745341613,0.37267080745341613,0.0,0.3333333333333333,0.3333333333333333,0.0,0.0
exakt_noll,B,BNP-indikator månad,traning,0,okning,1300,12,0.53,0.53,0.0,0.3333333333333333,0.3333333333333333,0.0,0.0
exakt_noll,B,BNP-indikator månad,validering,0,okning,432,4,0.4305555555555556,0.4305555555555556,0.0,0.3333333333333333,0.3333333333333333,0.0,0.0
exakt_noll,B,BNP-indikator månad,senare_ar,0,okning,644,6,0.37267080745341613,0.37267080745341613,0.0,0.3333333333333333,0.3333333333333333,0.0,0.0
exakt_noll,B,Detaljhandel sällanköpsvaror,traning,0,okning,1300,12,0.53,0.53,0.0,0.3333333333333333,0.3333333333333333,0.0,0.0
exakt_noll,B,Detaljhandel sällanköpsvaror,validering,0,okning,432,4,0.4305555555555556,0.4305555555555556,0.0,0.3333333333333333,0.3333333333333333,0.0,0.0
exakt_noll,B,Detaljhandel sällanköpsvaror,senare_ar,0,okning,644,6,0.37267080745341613,0.37267080745341613,0.0,0.3333333333333333,0.3333333333333333,0.0,0.0
exakt_noll,B,Hushållens konfidensindikator,traning,0,okning,1300,12,0.53,0.53,0.0,0.3333333333333333,0.3333333333333333,0.0,0.0
exakt_noll,B,Hushållens konfidensindikator,validering,0,okning,432,4,0.4305555555555556,0.4305555555555556,0.0,0.3333333333333333,0.3333333333333333,0.0,0.0
exakt_noll,B,Hushållens konfidensindikator,senare_ar,0,okning,644,6,0.37267080745341613,0.37267080745341613,0.0,0.3333333333333333,0.3333333333333333,0.0,0.0
exakt_noll,B,Hushållens konsumtion,traning,0,okning,1300,12,0.53,0.53,0.0,0.3333333333333333,0.3333333333333333,0.0,0.0
exakt_noll,B,Hushållens konsumtion,validering,0,okning,432,4,0.4305555555555556,0.4305555555555556,0.0,0.3333333333333333,0.3333333333333333,0.0,0.0
exakt_noll,B,Hushållens konsumtion,senare_ar,0,okning,644,6,0.37267080745341613,0.37267080745341613,0.0,0.3333333333333333,0.3333333333333333,0.0,0.0
exakt_noll,B,Industrins orderingång,traning,0,okning,1300,12,0.53,0.53,0.0,0.3333333333333333,0.3333333333333333,0.0,0.0
exakt_noll,B,Industrins orderingång,validering,0,okning,432,4,0.4305555555555556,0.4305555555555556,0.0,0.3333333333333333,0.3333333333333333,0.0,0.0
exakt_noll,B,Industrins orderingång,senare_ar,0,okning,644,6,0.37267080745341613,0.37267080745341613,0.0,0.3333333333333333,0.3333333333333333,0.0,0.0
exakt_noll,B,Nyregistrerade lastbilar,traning,0,okning,1300,12,0.53,0.53,0.0,0.3333333333333333,0.3333333333333333,0.0,0.0
exakt_noll,B,Nyregistrerade lastbilar,validering,0,okning,432,4,0.4305555555555556,0.4305555555555556,0.0,0.3333333333333333,0.3333333333333333,0.0,0.0
exakt_noll,B,Nyregistrerade lastbilar,senare_ar,0,okning,644,6,0.37267080745341613,0.37267080745341613,0.0,0.3333333333333333,0.3333333333333333,0.0,0.0
exakt_noll,B,Nyregistrerade personbilar,traning,0,okning,1300,12,0.53,0.53,0.0,0.3333333333333333,0.3333333333333333,0.0,0.0
exakt_noll,B,Nyregistrerade personbilar,validering,0,okning,432,4,0.4305555555555556,0.4305555555555556,0.0,0.3333333333333333,0.3333333333333333,0.0,0.0
exakt_noll,B,Nyregistrerade personbilar,senare_ar,0,okning,644,6,0.37267080745341613,0.37267080745341613,0.0,0.3333333333333333,0.3333333333333333,0.0,0.0
exakt_noll,B,Näringslivets efterfrågan,traning,0,okning,1300,12,0.53,0.53,0.0,0.3333333333333333,0.3333333333333333,0.0,0.0
exakt_noll,B,Näringslivets efterfrågan,validering,0,okning,432,4,0.4305555555555556,0.4305555555555556,0.0,0.3333333333333333,0.3333333333333333,0.0,0.0
exakt_noll,B,Näringslivets efterfrågan,senare_ar,0,okning,644,6,0.37267080745341613,0.37267080745341613,0.0,0.3333333333333333,0.3333333333333333,0.0,0.0
exakt_noll,B,Näringslivets produktion,traning,0,okning,1300,12,0.53,0.53,0.0,0.3333333333333333,0.3333333333333333,0.0,0.0
exakt_noll,B,Näringslivets produktion,validering,0,okning,432,4,0.4305555555555556,0.4305555555555556,0.0,0.3333333333333333,0.3333333333333333,0.0,0.0
exakt_noll,B,Näringslivets produktion,senare_ar,0,okning,644,6,0.37267080745341613,0.37267080745341613,0.0,0.3333333333333333,0.3333333333333333,0.0,0.0
exakt_noll,B,Sysselsättning,traning,0,okning,1300,12,0.53,0.53,0.0,0.3333333333333333,0.3333333333333333,0.0,0.0
exakt_noll,B,Sysselsättning,validering,0,okning,432,4,0.4305555555555556,0.4305555555555556,0.0,0.3333333333333333,0.3333333333333333,0.0,0.0
exakt_noll,B,Sysselsättning,senare_ar,0,okning,644,6,0.37267080745341613,0.37267080745341613,0.0,0.3333333333333333,0.3333333333333333,0.0,0.0
exakt_noll,B,Varuexport,traning,0,okning,1300,12,0.53,0.53,0.0,0.3333333333333333,0.3333333333333333,0.0,0.0
exakt_noll,B,Varuexport,validering,0,okning,432,4,0.4305555555555556,0.4305555555555556,0.0,0.3333333333333333,0.3333333333333333,0.0,0.0
exakt_noll,B,Varuexport,senare_ar,0,okning,644,6,0.37267080745341613,0.37267080745341613,0.0,0.3333333333333333,0.3333333333333333,0.0,0.0
exakt_noll,B,Varuimport,traning,0,okning,1300,12,0.53,0.53,0.0,0.3333333333333333,0.3333333333333333,0.0,0.0
exakt_noll,B,Varuimport,validering,0,okning,432,4,0.4305555555555556,0.4305555555555556,0.0,0.3333333333333333,0.3333333333333333,0.0,0.0
exakt_noll,B,Varuimport,senare_ar,0,okning,644,6,0.37267080745341613,0.37267080745341613,0.0,0.3333333333333333,0.3333333333333333,0.0,0.0
exakt_noll,C,Arbetade timmar,traning,0,okning,1519,12,0.5029624753127058,0.5029624753127058,0.0,0.3333333333333333,0.3333333333333333,0.0,0.0
exakt_noll,C,Arbetade timmar,validering,0,okning,507,4,0.4457593688362919,0.4457593688362919,0.0,0.3333333333333333,0.3333333333333333,0.0,0.0
exakt_noll,C,Arbetade timmar,senare_ar,0,okning,739,6,0.395128552097429,0.395128552097429,0.0,0.3333333333333333,0.3333333333333333,0.0,0.0
exakt_noll,C,BNP kvartal,traning,0,okning,1519,12,0.5029624753127058,0.5029624753127058,0.0,0.3333333333333333,0.3333333333333333,0.0,0.0
exakt_noll,C,BNP kvartal,validering,0,okning,507,4,0.4457593688362919,0.4457593688362919,0.0,0.3333333333333333,0.3333333333333333,0.0,0.0
exakt_noll,C,BNP kvartal,senare_ar,0,okning,739,6,0.395128552097429,0.395128552097429,0.0,0.3333333333333333,0.3333333333333333,0.0,0.0
exakt_noll,C,BNP-indikator månad,traning,0,okning,1519,12,0.5029624753127058,0.5029624753127058,0.0,0.3333333333333333,0.3333333333333333,0.0,0.0
exakt_noll,C,BNP-indikator månad,validering,0,okning,507,4,0.4457593688362919,0.4457593688362919,0.0,0.3333333333333333,0.3333333333333333,0.0,0.0
exakt_noll,C,BNP-indikator månad,senare_ar,0,okning,739,6,0.395128552097429,0.395128552097429,0.0,0.3333333333333333,0.3333333333333333,0.0,0.0
exakt_noll,C,Detaljhandel sällanköpsvaror,traning,0,okning,1519,12,0.5029624753127058,0.5029624753127058,0.0,0.3333333333333333,0.3333333333333333,0.0,0.0
exakt_noll,C,Detaljhandel sällanköpsvaror,validering,0,okning,507,4,0.4457593688362919,0.4457593688362919,0.0,0.3333333333333333,0.3333333333333333,0.0,0.0
exakt_noll,C,Detaljhandel sällanköpsvaror,senare_ar,0,okning,739,6,0.395128552097429,0.395128552097429,0.0,0.3333333333333333,0.3333333333333333,0.0,0.0
exakt_noll,C,Hushållens konfidensindikator,traning,0,okning,1519,12,0.5029624753127058,0.5029624753127058,0.0,0.3333333333333333,0.3333333333333333,0.0,0.0
exakt_noll,C,Hushållens konfidensindikator,validering,0,okning,507,4,0.4457593688362919,0.4457593688362919,0.0,0.3333333333333333,0.3333333333333333,0.0,0.0
exakt_noll,C,Hushållens konfidensindikator,senare_ar,0,okning,739,6,0.395128552097429,0.395128552097429,0.0,0.3333333333333333,0.3333333333333333,0.0,0.0
exakt_noll,C,Hushållens konsumtion,traning,0,okning,1519,12,0.5029624753127058,0.5029624753127058,0.0,0.3333333333333333,0.3333333333333333,0.0,0.0
exakt_noll,C,Hushållens konsumtion,validering,0,okning,507,4,0.4457593688362919,0.4457593688362919,0.0,0.3333333333333333,0.3333333333333333,0.0,0.0
exakt_noll,C,Hushållens konsumtion,senare_ar,0,okning,739,6,0.395128552097429,0.395128552097429,0.0,0.3333333333333333,0.3333333333333333,0.0,0.0
exakt_noll,C,Industrins orderingång,traning,0,okning,1519,12,0.5029624753127058,0.5029624753127058,0.0,0.3333333333333333,0.3333333333333333,0.0,0.0
exakt_noll,C,Industrins orderingång,validering,0,okning,507,4,0.4457593688362919,0.4457593688362919,0.0,0.3333333333333333,0.3333333333333333,0.0,0.0
exakt_noll,C,Industrins orderingång,senare_ar,0,okning,739,6,0.395128552097429,0.395128552097429,0.0,0.3333333333333333,0.3333333333333333,0.0,0.0
exakt_noll,C,Nyregistrerade lastbilar,traning,0,okning,1519,12,0.5029624753127058,0.5029624753127058,0.0,0.3333333333333333,0.3333333333333333,0.0,0.0
exakt_noll,C,Nyregistrerade lastbilar,validering,0,okning,507,4,0.4457593688362919,0.4457593688362919,0.0,0.3333333333333333,0.3333333333333333,0.0,0.0
exakt_noll,C,Nyregistrerade lastbilar,senare_ar,0,okning,739,6,0.395128552097429,0.395128552097429,0.0,0.3333333333333333,0.3333333333333333,0.0,0.0
exakt_noll,C,Nyregistrerade personbilar,traning,0,okning,1519,12,0.5029624753127058,0.5029624753127058,0.0,0.3333333333333333,0.3333333333333333,0.0,0.0
exakt_noll,C,Nyregistrerade personbilar,validering,0,okning,507,4,0.4457593688362919,0.4457593688362919,0.0,0.3333333333333333,0.3333333333333333,0.0,0.0
exakt_noll,C,Nyregistrerade personbilar,senare_ar,0,okning,739,6,0.395128552097429,0.395128552097429,0.0,0.3333333333333333,0.3333333333333333,0.0,0.0
exakt_noll,C,Näringslivets efterfrågan,traning,0,okning,1519,12,0.5029624753127058,0.5029624753127058,0.0,0.3333333333333333,0.3333333333333333,0.0,0.0
exakt_noll,C,Näringslivets efterfrågan,validering,0,okning,507,4,0.4457593688362919,0.4457593688362919,0.0,0.3333333333333333,0.3333333333333333,0.0,0.0
exakt_noll,C,Näringslivets efterfrågan,senare_ar,0,okning,739,6,0.395128552097429,0.395128552097429,0.0,0.3333333333333333,0.3333333333333333,0.0,0.0
exakt_noll,C,Näringslivets produktion,traning,0,okning,1519,12,0.5029624753127058,0.5029624753127058,0.0,0.3333333333333333,0.3333333333333333,0.0,0.0
exakt_noll,C,Näringslivets produktion,validering,0,okning,507,4,0.4457593688362919,0.4457593688362919,0.0,0.3333333333333333,0.3333333333333333,0.0,0.0
exakt_noll,C,Näringslivets produktion,senare_ar,0,okning,739,6,0.395128552097429,0.395128552097429,0.0,0.3333333333333333,0.3333333333333333,0.0,0.0
exakt_noll,C,Sysselsättning,traning,0,okning,1519,12,0.5029624753127058,0.5029624753127058,0.0,0.3333333333333333,0.3333333333333333,0.0,0.0
exakt_noll,C,Sysselsättning,validering,0,okning,507,4,0.4457593688362919,0.4457593688362919,0.0,0.3333333333333333,0.3333333333333333,0.0,0.0
exakt_noll,C,Sysselsättning,senare_ar,0,okning,739,6,0.395128552097429,0.395128552097429,0.0,0.3333333333333333,0.3333333333333333,0.0,0.0
exakt_noll,C,Varuexport,traning,0,okning,1519,12,0.5029624753127058,0.5029624753127058,0.0,0.3333333333333333,0.3333333333333333,0.0,0.0
exakt_noll,C,Varuexport,validering,0,okning,507,4,0.4457593688362919,0.4457593688362919,0.0,0.3333333333333333,0.3333333333333333,0.0,0.0
exakt_noll,C,Varuexport,senare_ar,0,okning,739,6,0.395128552097429,0.395128552097429,0.0,0.3333333333333333,0.3333333333333333,0.0,0.0
exakt_noll,C,Varuimport,traning,0,okning,1519,12,0.5029624753127058,0.5029624753127058,0.0,0.3333333333333333,0.3333333333333333,0.0,0.0
exakt_noll,C,Varuimport,validering,0,okning,507,4,0.4457593688362919,0.4457593688362919,0.0,0.3333333333333333,0.3333333333333333,0.0,0.0
exakt_noll,C,Varuimport,senare_ar,0,okning,739,6,0.395128552097429,0.395128552097429,0.0,0.3333333333333333,0.3333333333333333,0.0,0.0
neutral_002,A,Arbetade timmar,traning,0,okning,552,12,0.45108695652173914,0.45108695652173914,0.0,0.3333333333333333,0.3333333333333333,0.0,0.0
neutral_002,A,Arbetade timmar,validering,0,okning,184,4,0.28804347826086957,0.28804347826086957,0.0,0.3333333333333333,0.3333333333333333,0.0,0.0
neutral_002,A,Arbetade timmar,senare_ar,0,okning,276,6,0.3188405797101449,0.3188405797101449,0.0,0.3333333333333333,0.3333333333333333,0.0,0.0
neutral_002,A,BNP kvartal,traning,0,okning,552,12,0.45108695652173914,0.45108695652173914,0.0,0.3333333333333333,0.3333333333333333,0.0,0.0
neutral_002,A,BNP kvartal,validering,0,okning,184,4,0.28804347826086957,0.28804347826086957,0.0,0.3333333333333333,0.3333333333333333,0.0,0.0
neutral_002,A,BNP kvartal,senare_ar,0,okning,276,6,0.3188405797101449,0.3188405797101449,0.0,0.3333333333333333,0.3333333333333333,0.0,0.0
neutral_002,A,BNP-indikator månad,traning,0,okning,552,12,0.45108695652173914,0.45108695652173914,0.0,0.3333333333333333,0.3333333333333333,0.0,0.0
neutral_002,A,BNP-indikator månad,validering,0,okning,184,4,0.28804347826086957,0.28804347826086957,0.0,0.3333333333333333,0.3333333333333333,0.0,0.0
neutral_002,A,BNP-indikator månad,senare_ar,0,okning,276,6,0.3188405797101449,0.3188405797101449,0.0,0.3333333333333333,0.3333333333333333,0.0,0.0
neutral_002,A,Detaljhandel sällanköpsvaror,traning,0,okning,552,12,0.45108695652173914,0.45108695652173914,0.0,0.3333333333333333,0.3333333333333333,0.0,0.0
neutral_002,A,Detaljhandel sällanköpsvaror,validering,0,okning,184,4,0.28804347826086957,0.28804347826086957,0.0,0.3333333333333333,0.3333333333333333,0.0,0.0
neutral_002,A,Detaljhandel sällanköpsvaror,senare_ar,0,okning,276,6,0.3188405797101449,0.3188405797101449,0.0,0.3333333333333333,0.3333333333333333,0.0,0.0
neutral_002,A,Hushållens konfidensindikator,traning,0,okning,552,12,0.45108695652173914,0.45108695652173914,0.0,0.3333333333333333,0.3333333333333333,0.0,0.0
neutral_002,A,Hushållens konfidensindikator,validering,0,okning,184,4,0.28804347826086957,0.28804347826086957,0.0,0.3333333333333333,0.3333333333333333,0.0,0.0
neutral_002,A,Hushållens konfidensindikator,senare_ar,0,okning,276,6,0.3188405797101449,0.3188405797101449,0.0,0.3333333333333333,0.3333333333333333,0.0,0.0
neutral_002,A,Hushållens konsumtion,traning,0,okning,552,12,0.45108695652173914,0.45108695652173914,0.0,0.3333333333333333,0.3333333333333333,0.0,0.0
neutral_002,A,Hushållens konsumtion,validering,0,okning,184,4,0.28804347826086957,0.28804347826086957,0.0,0.3333333333333333,0.3333333333333333,0.0,0.0
neutral_002,A,Hushållens konsumtion,senare_ar,0,okning,276,6,0.3188405797101449,0.3188405797101449,0.0,0.3333333333333333,0.3333333333333333,0.0,0.0
neutral_002,A,Industrins orderingång,traning,0,okning,552,12,0.45108695652173914,0.45108695652173914,0.0,0.3333333333333333,0.3333333333333333,0.0,0.0
neutral_002,A,Industrins orderingång,validering,0,okning,184,4,0.28804347826086957,0.28804347826086957,0.0,0.3333333333333333,0.3333333333333333,0.0,0.0
neutral_002,A,Industrins orderingång,senare_ar,0,okning,276,6,0.3188405797101449,0.3188405797101449,0.0,0.3333333333333333,0.3333333333333333,0.0,0.0
neutral_002,A,Nyregistrerade lastbilar,traning,0,okning,552,12,0.45108695652173914,0.45108695652173914,0.0,0.3333333333333333,0.3333333333333333,0.0,0.0
neutral_002,A,Nyregistrerade lastbilar,validering,0,okning,184,4,0.28804347826086957,0.28804347826086957,0.0,0.3333333333333333,0.3333333333333333,0.0,0.0
neutral_002,A,Nyregistrerade lastbilar,senare_ar,0,okning,276,6,0.3188405797101449,0.3188405797101449,0.0,0.3333333333333333,0.3333333333333333,0.0,0.0
neutral_002,A,Nyregistrerade personbilar,traning,0,okning,552,12,0.45108695652173914,0.45108695652173914,0.0,0.3333333333333333,0.3333333333333333,0.0,0.0
neutral_002,A,Nyregistrerade personbilar,validering,0,okning,184,4,0.28804347826086957,0.28804347826086957,0.0,0.3333333333333333,0.3333333333333333,0.0,0.0
neutral_002,A,Nyregistrerade personbilar,senare_ar,0,okning,276,6,0.3188405797101449,0.3188405797101449,0.0,0.3333333333333333,0.3333333333333333,0.0,0.0
neutral_002,A,Näringslivets efterfrågan,traning,0,okning,552,12,0.45108695652173914,0.45108695652173914,0.0,0.3333333333333333,0.3333333333333333,0.0,0.0
neutral_002,A,Näringslivets efterfrågan,validering,0,okning,184,4,0.28804347826086957,0.28804347826086957,0.0,0.3333333333333333,0.3333333333333333,0.0,0.0
neutral_002,A,Näringslivets efterfrågan,senare_ar,0,okning,276,6,0.3188405797101449,0.3188405797101449,0.0,0.3333333333333333,0.3333333333333333,0.0,0.0
neutral_002,A,Näringslivets produktion,traning,0,okning,552,12,0.45108695652173914,0.45108695652173914,0.0,0.3333333333333333,0.3333333333333333,0.0,0.0
neutral_002,A,Näringslivets produktion,validering,0,okning,184,4,0.28804347826086957,0.28804347826086957,0.0,0.3333333333333333,0.3333333333333333,0.0,0.0
neutral_002,A,Näringslivets produktion,senare_ar,0,okning,276,6,0.3188405797101449,0.3188405797101449,0.0,0.3333333333333333,0.3333333333333333,0.0,0.0
neutral_002,A,Sysselsättning,traning,0,okning,552,12,0.45108695652173914,0.45108695652173914,0.0,0.3333333333333333,0.3333333333333333,0.0,0.0
neutral_002,A,Sysselsättning,validering,0,okning,184,4,0.28804347826086957,0.28804347826086957,0.0,0.3333333333333333,0.3333333333333333,0.0,0.0
neutral_002,A,Sysselsättning,senare_ar,0,okning,276,6,0.3188405797101449,0.3188405797101449,0.0,0.3333333333333333,0.3333333333333333,0.0,0.0
neutral_002,A,Varuexport,traning,0,okning,552,12,0.45108695652173914,0.45108695652173914,0.0,0.3333333333333333,0.3333333333333333,0.0,0.0
neutral_002,A,Varuexport,validering,0,okning,184,4,0.28804347826086957,0.28804347826086957,0.0,0.3333333333333333,0.3333333333333333,0.0,0.0
neutral_002,A,Varuexport,senare_ar,0,okning,276,6,0.3188405797101449,0.3188405797101449,0.0,0.3333333333333333,0.3333333333333333,0.0,0.0
neutral_002,A,Varuimport,traning,0,okning,552,12,0.45108695652173914,0.45108695652173914,0.0,0.3333333333333333,0.3333333333333333,0.0,0.0
neutral_002,A,Varuimport,validering,0,okning,184,4,0.28804347826086957,0.28804347826086957,0.0,0.3333333333333333,0.3333333333333333,0.0,0.0
neutral_002,A,Varuimport,senare_ar,0,okning,276,6,0.3188405797101449,0.3188405797101449,0.0,0.3333333333333333,0.3333333333333333,0.0,0.0
neutral_002,B,Arbetade timmar,traning,0,okning,1300,12,0.4776923076923077,0.4776923076923077,0.0,0.3333333333333333,0.3333333333333333,0.0,0.0
neutral_002,B,Arbetade timmar,validering,0,okning,432,4,0.38657407407407407,0.38657407407407407,0.0,0.3333333333333333,0.3333333333333333,0.0,0.0
neutral_002,B,Arbetade timmar,senare_ar,0,okning,644,6,0.327639751552795,0.327639751552795,0.0,0.3333333333333333,0.3333333333333333,0.0,0.0
neutral_002,B,BNP kvartal,traning,0,okning,1300,12,0.4776923076923077,0.4776923076923077,0.0,0.3333333333333333,0.3333333333333333,0.0,0.0
neutral_002,B,BNP kvartal,validering,0,okning,432,4,0.38657407407407407,0.38657407407407407,0.0,0.3333333333333333,0.3333333333333333,0.0,0.0
neutral_002,B,BNP kvartal,senare_ar,0,okning,644,6,0.327639751552795,0.327639751552795,0.0,0.3333333333333333,0.3333333333333333,0.0,0.0
neutral_002,B,BNP-indikator månad,traning,0,okning,1300,12,0.4776923076923077,0.4776923076923077,0.0,0.3333333333333333,0.3333333333333333,0.0,0.0
neutral_002,B,BNP-indikator månad,validering,0,okning,432,4,0.38657407407407407,0.38657407407407407,0.0,0.3333333333333333,0.3333333333333333,0.0,0.0
neutral_002,B,BNP-indikator månad,senare_ar,0,okning,644,6,0.327639751552795,0.327639751552795,0.0,0.3333333333333333,0.3333333333333333,0.0,0.0
neutral_002,B,Detaljhandel sällanköpsvaror,traning,0,okning,1300,12,0.4776923076923077,0.4776923076923077,0.0,0.3333333333333333,0.3333333333333333,0.0,0.0
neutral_002,B,Detaljhandel sällanköpsvaror,validering,0,okning,432,4,0.38657407407407407,0.38657407407407407,0.0,0.3333333333333333,0.3333333333333333,0.0,0.0
neutral_002,B,Detaljhandel sällanköpsvaror,senare_ar,0,okning,644,6,0.327639751552795,0.327639751552795,0.0,0.3333333333333333,0.3333333333333333,0.0,0.0
neutral_002,B,Hushållens konfidensindikator,traning,0,okning,1300,12,0.4776923076923077,0.4776923076923077,0.0,0.3333333333333333,0.3333333333333333,0.0,0.0
neutral_002,B,Hushållens konfidensindikator,validering,0,okning,432,4,0.38657407407407407,0.38657407407407407,0.0,0.3333333333333333,0.3333333333333333,0.0,0.0
neutral_002,B,Hushållens konfidensindikator,senare_ar,0,okning,644,6,0.327639751552795,0.327639751552795,0.0,0.3333333333333333,0.3333333333333333,0.0,0.0
neutral_002,B,Hushållens konsumtion,traning,0,okning,1300,12,0.4776923076923077,0.4776923076923077,0.0,0.3333333333333333,0.3333333333333333,0.0,0.0
neutral_002,B,Hushållens konsumtion,validering,0,okning,432,4,0.38657407407407407,0.38657407407407407,0.0,0.3333333333333333,0.3333333333333333,0.0,0.0
neutral_002,B,Hushållens konsumtion,senare_ar,0,okning,644,6,0.327639751552795,0.327639751552795,0.0,0.3333333333333333,0.3333333333333333,0.0,0.0
neutral_002,B,Industrins orderingång,traning,0,okning,1300,12,0.4776923076923077,0.4776923076923077,0.0,0.3333333333333333,0.3333333333333333,0.0,0.0
neutral_002,B,Industrins orderingång,validering,0,okning,432,4,0.38657407407407407,0.38657407407407407,0.0,0.3333333333333333,0.3333333333333333,0.0,0.0
neutral_002,B,Industrins orderingång,senare_ar,0,okning,644,6,0.327639751552795,0.327639751552795,0.0,0.3333333333333333,0.3333333333333333,0.0,0.0
neutral_002,B,Nyregistrerade lastbilar,traning,0,okning,1300,12,0.4776923076923077,0.4776923076923077,0.0,0.3333333333333333,0.3333333333333333,0.0,0.0
neutral_002,B,Nyregistrerade lastbilar,validering,0,okning,432,4,0.38657407407407407,0.38657407407407407,0.0,0.3333333333333333,0.3333333333333333,0.0,0.0
neutral_002,B,Nyregistrerade lastbilar,senare_ar,0,okning,644,6,0.327639751552795,0.327639751552795,0.0,0.3333333333333333,0.3333333333333333,0.0,0.0
neutral_002,B,Nyregistrerade personbilar,traning,0,okning,1300,12,0.4776923076923077,0.4776923076923077,0.0,0.3333333333333333,0.3333333333333333,0.0,0.0
neutral_002,B,Nyregistrerade personbilar,validering,0,okning,432,4,0.38657407407407407,0.38657407407407407,0.0,0.3333333333333333,0.3333333333333333,0.0,0.0
neutral_002,B,Nyregistrerade personbilar,senare_ar,0,okning,644,6,0.327639751552795,0.327639751552795,0.0,0.3333333333333333,0.3333333333333333,0.0,0.0
neutral_002,B,Näringslivets efterfrågan,traning,0,okning,1300,12,0.4776923076923077,0.4776923076923077,0.0,0.3333333333333333,0.3333333333333333,0.0,0.0
neutral_002,B,Näringslivets efterfrågan,validering,0,okning,432,4,0.38657407407407407,0.38657407407407407,0.0,0.3333333333333333,0.3333333333333333,0.0,0.0
neutral_002,B,Näringslivets efterfrågan,senare_ar,0,okning,644,6,0.327639751552795,0.327639751552795,0.0,0.3333333333333333,0.3333333333333333,0.0,0.0
neutral_002,B,Näringslivets produktion,traning,0,okning,1300,12,0.4776923076923077,0.4776923076923077,0.0,0.3333333333333333,0.3333333333333333,0.0,0.0
neutral_002,B,Näringslivets produktion,validering,0,okning,432,4,0.38657407407407407,0.38657407407407407,0.0,0.3333333333333333,0.3333333333333333,0.0,0.0
neutral_002,B,Näringslivets produktion,senare_ar,0,okning,644,6,0.327639751552795,0.327639751552795,0.0,0.3333333333333333,0.3333333333333333,0.0,0.0
neutral_002,B,Sysselsättning,traning,0,okning,1300,12,0.4776923076923077,0.4776923076923077,0.0,0.3333333333333333,0.3333333333333333,0.0,0.0
neutral_002,B,Sysselsättning,validering,0,okning,432,4,0.38657407407407407,0.38657407407407407,0.0,0.3333333333333333,0.3333333333333333,0.0,0.0
neutral_002,B,Sysselsättning,senare_ar,0,okning,644,6,0.327639751552795,0.327639751552795,0.0,0.3333333333333333,0.3333333333333333,0.0,0.0
neutral_002,B,Varuexport,traning,0,okning,1300,12,0.4776923076923077,0.4776923076923077,0.0,0.3333333333333333,0.3333333333333333,0.0,0.0
neutral_002,B,Varuexport,validering,0,okning,432,4,0.38657407407407407,0.38657407407407407,0.0,0.3333333333333333,0.3333333333333333,0.0,0.0
neutral_002,B,Varuexport,senare_ar,0,okning,644,6,0.327639751552795,0.327639751552795,0.0,0.3333333333333333,0.3333333333333333,0.0,0.0
neutral_002,B,Varuimport,traning,0,okning,1300,12,0.4776923076923077,0.4776923076923077,0.0,0.3333333333333333,0.3333333333333333,0.0,0.0
neutral_002,B,Varuimport,validering,0,okning,432,4,0.38657407407407407,0.38657407407407407,0.0,0.3333333333333333,0.3333333333333333,0.0,0.0
neutral_002,B,Varuimport,senare_ar,0,okning,644,6,0.327639751552795,0.327639751552795,0.0,0.3333333333333333,0.3333333333333333,0.0,0.0
neutral_002,C,Arbetade timmar,traning,0,okning,1519,12,0.47465437788018433,0.47465437788018433,0.0,0.3333333333333333,0.3333333333333333,0.0,0.0
neutral_002,C,Arbetade timmar,validering,0,okning,507,4,0.4161735700197239,0.4161735700197239,0.0,0.3333333333333333,0.3333333333333333,0.0,0.0
neutral_002,C,Arbetade timmar,senare_ar,0,okning,739,6,0.35453315290933696,0.35453315290933696,0.0,0.3333333333333333,0.3333333333333333,0.0,0.0
neutral_002,C,BNP kvartal,traning,0,okning,1519,12,0.47465437788018433,0.47465437788018433,0.0,0.3333333333333333,0.3333333333333333,0.0,0.0
neutral_002,C,BNP kvartal,validering,0,okning,507,4,0.4161735700197239,0.4161735700197239,0.0,0.3333333333333333,0.3333333333333333,0.0,0.0
neutral_002,C,BNP kvartal,senare_ar,0,okning,739,6,0.35453315290933696,0.35453315290933696,0.0,0.3333333333333333,0.3333333333333333,0.0,0.0
neutral_002,C,BNP-indikator månad,traning,0,okning,1519,12,0.47465437788018433,0.47465437788018433,0.0,0.3333333333333333,0.3333333333333333,0.0,0.0
neutral_002,C,BNP-indikator månad,validering,0,okning,507,4,0.4161735700197239,0.4161735700197239,0.0,0.3333333333333333,0.3333333333333333,0.0,0.0
neutral_002,C,BNP-indikator månad,senare_ar,0,okning,739,6,0.35453315290933696,0.35453315290933696,0.0,0.3333333333333333,0.3333333333333333,0.0,0.0
neutral_002,C,Detaljhandel sällanköpsvaror,traning,0,okning,1519,12,0.47465437788018433,0.47465437788018433,0.0,0.3333333333333333,0.3333333333333333,0.0,0.0
neutral_002,C,Detaljhandel sällanköpsvaror,validering,0,okning,507,4,0.4161735700197239,0.4161735700197239,0.0,0.3333333333333333,0.3333333333333333,0.0,0.0
neutral_002,C,Detaljhandel sällanköpsvaror,senare_ar,0,okning,739,6,0.35453315290933696,0.35453315290933696,0.0,0.3333333333333333,0.3333333333333333,0.0,0.0
neutral_002,C,Hushållens konfidensindikator,traning,0,okning,1519,12,0.47465437788018433,0.47465437788018433,0.0,0.3333333333333333,0.3333333333333333,0.0,0.0
neutral_002,C,Hushållens konfidensindikator,validering,0,okning,507,4,0.4161735700197239,0.4161735700197239,0.0,0.3333333333333333,0.3333333333333333,0.0,0.0
neutral_002,C,Hushållens konfidensindikator,senare_ar,0,okning,739,6,0.35453315290933696,0.35453315290933696,0.0,0.3333333333333333,0.3333333333333333,0.0,0.0
neutral_002,C,Hushållens konsumtion,traning,0,okning,1519,12,0.47465437788018433,0.47465437788018433,0.0,0.3333333333333333,0.3333333333333333,0.0,0.0
neutral_002,C,Hushållens konsumtion,validering,0,okning,507,4,0.4161735700197239,0.4161735700197239,0.0,0.3333333333333333,0.3333333333333333,0.0,0.0
neutral_002,C,Hushållens konsumtion,senare_ar,0,okning,739,6,0.35453315290933696,0.35453315290933696,0.0,0.3333333333333333,0.3333333333333333,0.0,0.0
neutral_002,C,Industrins orderingång,traning,0,okning,1519,12,0.47465437788018433,0.47465437788018433,0.0,0.3333333333333333,0.3333333333333333,0.0,0.0
neutral_002,C,Industrins orderingång,validering,0,okning,507,4,0.4161735700197239,0.4161735700197239,0.0,0.3333333333333333,0.3333333333333333,0.0,0.0
neutral_002,C,Industrins orderingång,senare_ar,0,okning,739,6,0.35453315290933696,0.35453315290933696,0.0,0.3333333333333333,0.3333333333333333,0.0,0.0
neutral_002,C,Nyregistrerade lastbilar,traning,0,okning,1519,12,0.47465437788018433,0.47465437788018433,0.0,0.3333333333333333,0.3333333333333333,0.0,0.0
neutral_002,C,Nyregistrerade lastbilar,validering,0,okning,507,4,0.4161735700197239,0.4161735700197239,0.0,0.3333333333333333,0.3333333333333333,0.0,0.0
neutral_002,C,Nyregistrerade lastbilar,senare_ar,0,okning,739,6,0.35453315290933696,0.35453315290933696,0.0,0.3333333333333333,0.3333333333333333,0.0,0.0
neutral_002,C,Nyregistrerade personbilar,traning,0,okning,1519,12,0.47465437788018433,0.47465437788018433,0.0,0.3333333333333333,0.3333333333333333,0.0,0.0
neutral_002,C,Nyregistrerade personbilar,validering,0,okning,507,4,0.4161735700197239,0.4161735700197239,0.0,0.3333333333333333,0.3333333333333333,0.0,0.0
neutral_002,C,Nyregistrerade personbilar,senare_ar,0,okning,739,6,0.35453315290933696,0.35453315290933696,0.0,0.3333333333333333,0.3333333333333333,0.0,0.0
neutral_002,C,Näringslivets efterfrågan,traning,0,okning,1519,12,0.47465437788018433,0.47465437788018433,0.0,0.3333333333333333,0.3333333333333333,0.0,0.0
neutral_002,C,Näringslivets efterfrågan,validering,0,okning,507,4,0.4161735700197239,0.4161735700197239,0.0,0.3333333333333333,0.3333333333333333,0.0,0.0
neutral_002,C,Näringslivets efterfrågan,senare_ar,0,okning,739,6,0.35453315290933696,0.35453315290933696,0.0,0.3333333333333333,0.3333333333333333,0.0,0.0
neutral_002,C,Näringslivets produktion,traning,0,okning,1519,12,0.47465437788018433,0.47465437788018433,0.0,0.3333333333333333,0.3333333333333333,0.0,0.0
neutral_002,C,Näringslivets produktion,validering,0,okning,507,4,0.4161735700197239,0.4161735700197239,0.0,0.3333333333333333,0.3333333333333333,0.0,0.0
neutral_002,C,Näringslivets produktion,senare_ar,0,okning,739,6,0.35453315290933696,0.35453315290933696,0.0,0.3333333333333333,0.3333333333333333,0.0,0.0
neutral_002,C,Sysselsättning,traning,0,okning,1519,12,0.47465437788018433,0.47465437788018433,0.0,0.3333333333333333,0.3333333333333333,0.0,0.0
neutral_002,C,Sysselsättning,validering,0,okning,507,4,0.4161735700197239,0.4161735700197239,0.0,0.3333333333333333,0.3333333333333333,0.0,0.0
neutral_002,C,Sysselsättning,senare_ar,0,okning,739,6,0.35453315290933696,0.35453315290933696,0.0,0.3333333333333333,0.3333333333333333,0.0,0.0
neutral_002,C,Varuexport,traning,0,okning,1519,12,0.47465437788018433,0.47465437788018433,0.0,0.3333333333333333,0.3333333333333333,0.0,0.0
neutral_002,C,Varuexport,validering,0,okning,507,4,0.4161735700197239,0.4161735700197239,0.0,0.3333333333333333,0.3333333333333333,0.0,0.0
neutral_002,C,Varuexport,senare_ar,0,okning,739,6,0.35453315290933696,0.35453315290933696,0.0,0.3333333333333333,0.3333333333333333,0.0,0.0
neutral_002,C,Varuimport,traning,0,okning,1519,12,0.47465437788018433,0.47465437788018433,0.0,0.3333333333333333,0.3333333333333333,0.0,0.0
neutral_002,C,Varuimport,validering,0,okning,507,4,0.4161735700197239,0.4161735700197239,0.0,0.3333333333333333,0.3333333333333333,0.0,0.0
neutral_002,C,Varuimport,senare_ar,0,okning,739,6,0.35453315290933696,0.35453315290933696,0.0,0.3333333333333333,0.3333333333333333,0.0,0.0
