ar,arbetade_timmar,bnp_indikator,detaljhandel_sallankop,hushallens_konfidens,hushallens_konsumtion,industrins_orderingang,nyreg_lastbilar,nyreg_personbilar,naringslivets_efterfragan,naringslivets_produktion,sysselsattning,varuexport,varuimport
2000,,0.07833333333333334,0.515,1.7858333333333334,0.4466666666666667,0.5075,0.5166666666666667,0.9525,,0.19666666666666668,,0.45333333333333337,0.985
2001,1.3883333333333334,-0.1366666666666667,-0.10416666666666667,0.3541666666666667,0.09083333333333334,-0.6191666666666668,-0.15666666666666668,-0.7608333333333334,,0.025833333333333333,0.8033333333333333,-0.5066666666666667,-0.1625
2002,0.25416666666666665,-0.42333333333333334,-0.3625,0.365,-0.24416666666666667,-0.9916666666666667,-0.5,-0.435,0.06416666666666666,-0.4716666666666667,0.5091666666666667,-0.9516666666666667,-0.975
2003,-1.0333333333333334,-0.9249999999999999,-0.6066666666666666,0.013333333333333327,-0.5533333333333333,-0.8383333333333334,-0.66,-0.004166666666666668,-1.1475,-0.6266666666666666,-0.11666666666666665,-0.79,-0.7383333333333333
2004,-0.3491666666666667,-0.25916666666666666,-0.4275,0.37833333333333335,-0.9291666666666667,-0.08916666666666667,-0.31333333333333335,0.13499999999999998,-0.6858333333333334,-0.305,-0.9958333333333335,0.10666666666666667,-0.43333333333333335
2005,-0.975,0.215,-0.013333333333333336,0.5,-0.1225,0.2916666666666667,0.4041666666666666,0.35000000000000003,0.2275,0.07666666666666667,-1.2933333333333332,0.5158333333333333,-0.08916666666666667
2006,-0.5416666666666666,1.4233333333333336,0.5441666666666667,0.8741666666666666,0.8574999999999999,1.6066666666666667,0.7258333333333334,0.59,1.3691666666666666,0.9991666666666666,-0.19833333333333333,1.2266666666666668,0.6841666666666666
2007,1.6208333333333333,2.3575,1.07,0.8516666666666667,1.9375,2.3408333333333333,1.4483333333333333,1.105,2.1891666666666665,2.265,1.6058333333333332,1.5466666666666666,1.7791666666666668
2008,1.0275,1.0658333333333334,0.5858333333333333,-0.8491666666666666,0.4875,1.5058333333333334,0.54,-0.7658333333333333,0.8375,1.1191666666666666,1.9508333333333334,1.6049999999999998,1.3341666666666665
2009,-1.7391666666666667,-2.1366666666666667,-0.3116666666666667,-0.47500000000000003,-1.0866666666666667,-1.8125,-2.1149999999999998,-2.4441666666666664,-1.9133333333333333,-1.6583333333333332,-1.05,-2.685833333333333,-2.410833333333333
2010,0.021666666666666664,-0.37916666666666665,0.075,0.9383333333333334,-0.21083333333333332,-0.04749999999999999,-0.5525,0.07166666666666666,-0.24916666666666668,-0.6766666666666667,-1.3558333333333332,-0.45249999999999996,0.07833333333333332
2011,0.1366666666666667,0.41333333333333333,-0.3558333333333333,0.23666666666666666,-0.6366666666666667,0.1075,0.8475,0.65,0.1758333333333333,0.22166666666666668,-0.1425,1.2274999999999998,0.8533333333333334
2012,-0.46166666666666667,-0.7425,-0.8016666666666666,-0.024999999999999998,-1.0841666666666667,-0.6775000000000001,-0.44416666666666665,-0.7283333333333334,-0.8158333333333334,-0.5108333333333334,-0.4825,0.42333333333333334,0.0033333333333333457
2013,-0.9966666666666667,-1.345,-0.9708333333333333,0.16,-1.0008333333333332,-1.1866666666666668,-1.1325,-1.1066666666666667,-1.2508333333333332,-1.4533333333333334,-0.7158333333333333,-0.7666666666666666,-1.1791666666666667
2014,-0.3658333333333333,-1.0725,-0.695,0.38083333333333336,-0.8116666666666666,-1.3875,-0.5599999999999999,-0.2816666666666667,-0.7883333333333334,-1.6983333333333333,-0.4041666666666666,-1.0158333333333334,-0.965
2015,-0.3383333333333333,0.18166666666666667,0.2275,0.10083333333333333,-0.2041666666666667,-0.5483333333333333,-0.22166666666666668,0.6208333333333333,0.1025,-0.06666666666666667,-0.3025,-0.6733333333333333,-0.31916666666666665
2016,0.3183333333333333,0.2975,0.2841666666666667,0.20166666666666666,0.9516666666666667,-0.19083333333333333,0.88,1.4658333333333333,0.42,0.06833333333333334,-0.009999999999999995,-0.6275000000000001,-0.012499999999999999
2017,1.0041666666666667,0.4375,0.1875,0.54,0.9533333333333335,0.46249999999999997,1.625,1.5116666666666667,1.0416666666666667,0.8275,1.0916666666666666,-0.03833333333333333,0.435
2018,1.5858333333333334,0.2175,-0.08666666666666667,0.34,1.3341666666666667,0.6441666666666667,1.7483333333333333,1.2116666666666667,1.0491666666666666,1.2683333333333333,1.51,0.4583333333333333,1.0183333333333333
2019,0.595,0.8725,0.04833333333333334,-0.11666666666666665,0.8916666666666666,0.19083333333333333,0.33416666666666667,0.4608333333333334,0.11833333333333333,0.9083333333333333,1.1458333333333333,0.2725,0.11833333333333335
2020,0.37833333333333335,-0.19000000000000003,1.1624999999999999,-0.3183333333333333,0.4575,0.2708333333333333,-0.7141666666666667,-0.455,-0.8366666666666666,-0.66,-0.5591666666666667,0.125,-0.4216666666666667
2021,-1.4066666666666665,0.6733333333333333,2.569166666666667,0.4925,0.5850000000000001,0.9283333333333333,-1.5199999999999998,-1.0975,0.3658333333333334,0.52,-1.2891666666666668,0.5675,0.7091666666666666
2022,1.0875000000000001,0.7241666666666666,1.1108333333333333,-2.295,1.1608333333333334,0.3408333333333333,-0.7791666666666667,-1.1908333333333334,1.0883333333333334,1.1141666666666665,0.7216666666666667,0.735,1.3708333333333333
2023,0.3325,-0.46416666666666667,-1.4974999999999998,-2.8683333333333336,-1.6825,-0.09583333333333333,0.7391666666666666,-0.14666666666666667,-0.46166666666666667,-0.013333333333333327,0.6383333333333333,0.0425,-0.17416666666666666
2024,-0.9249999999999999,-0.7466666666666667,-2.330833333333333,-0.6275000000000001,-1.6958333333333335,-0.6216666666666667,0.105,-0.39083333333333337,-0.7308333333333333,-1.0975,-0.18083333333333332,-0.7458333333333332,-1.0416666666666667
2025,-0.5641666666666667,-0.3766666666666667,-0.5841666666666666,-0.6608333333333333,-0.3625,0.13249999999999998,-0.6791666666666667,0.1875,-0.38833333333333336,-0.5416666666666666,-0.8041666666666667,-0.1325,-0.5783333333333333
