indikator,measure,lag_months,exposure_window_example,n_years,first_year,last_year,pearson_r,p_naive,n_effective,p_autocorr_adjusted,boot_ci_low,boot_ci_high,spearman_rho,p_spearman,q_value_BH
Sysselsättning,Förändring från föregående period,0,2011-11..2012-10,23,2003,2025,-0.47645253724955194,0.021537421201443918,23.0,0.021537421201443967,-0.8143879414433743,0.058864107126111884,-0.38010450495434395,0.07359827046220972,0.9414229876919339
Nyregistrerade lastbilar,Förändring från föregående period,6,2011-05..2012-04,23,2003,2025,-0.44636363096227355,0.03275774869507776,23.0,0.032757748695077735,-0.729895389281325,0.0037052571771759206,-0.3340762250575289,0.11923861941566673,0.9414229876919339
Varuimport,Konjunkturläge,0,2011-11..2012-10,24,2002,2025,-0.41175923981580925,0.045585792763134014,24.0,0.04558579276313401,-0.6772106604025615,-0.020244036873359426,-0.33137421459150046,0.11369468923636045,0.9414229876919339
Varuimport,Förändring från föregående period,6,2011-05..2012-04,23,2003,2025,-0.40352852844720083,0.05620566884629377,23.0,0.05620566884629374,-0.7200594787117496,0.0647104768064268,-0.2360805323739871,0.27814983663392345,0.9414229876919339
BNP-indikator månad,Förändring från föregående period,0,2011-11..2012-10,24,2002,2025,-0.4023017890127459,0.051306510174770795,24.0,0.051306510174770795,-0.620459003537979,0.09710922547412411,-0.3183108421371706,0.12954523361002565,0.9414229876919339
BNP-indikator månad,Förändring från föregående period,6,2011-05..2012-04,23,2003,2025,-0.40068093773831054,0.05813194945875384,23.0,0.05813194945875383,-0.6985274174660409,0.06051298318232435,-0.29646171675475524,0.16956406153572118,0.9414229876919339
Varuexport,Förändring från föregående period,6,2011-05..2012-04,23,2003,2025,-0.3892932025064968,0.06634705165779095,23.0,0.06634705165779098,-0.6971265888583418,-0.007289201435999447,-0.19945587955286542,0.36154317399057545,0.9414229876919339
Näringslivets produktion,Förändring från föregående period,6,2011-05..2012-04,23,2003,2025,-0.3855700029017618,0.06921642890590123,23.0,0.06921642890590127,-0.7270696511715812,0.20784274020530655,-0.2618167748969375,0.22751009499261293,0.9414229876919339
Näringslivets produktion,Förändring från föregående period,0,2011-11..2012-10,24,2002,2025,-0.37183158311446385,0.07359373043491135,24.0,0.07359373043491127,-0.6507234667293388,0.2802883971507673,-0.13498818202807508,0.5294208318892755,0.9414229876919339
Arbetade timmar,Konjunkturläge,36,2008-11..2009-10,20,2006,2025,-0.35921201720608414,0.11983853270310488,20.0,0.11983853270310497,-0.5832301312229701,-0.008224506774239554,-0.31876494421074436,0.17074326919549576,0.9414229876919339
Industrins orderingång,Förändring från föregående period,6,2011-05..2012-04,23,2003,2025,-0.3539789072967326,0.09749750526217431,23.0,0.09749750526217403,-0.7114958065368845,0.14458704553940505,-0.15792096623976568,0.47173306563339756,0.9414229876919339
Näringslivets efterfrågan,Förändring från föregående period,6,2011-05..2012-04,21,2005,2025,-0.33865528901318004,0.133182869028592,21.0,0.13318286902859203,-0.7311174205127637,0.1207927598169693,-0.2492684631749323,0.27586257939712383,0.9414229876919339
Nyregistrerade personbilar,Förändring från föregående period,6,2011-05..2012-04,23,2003,2025,-0.3195525201891679,0.1371867929326988,23.0,0.13718679293269878,-0.6631814438936028,0.07271001795909537,-0.2044051569611251,0.3495022039614114,0.9414229876919339
Industrins orderingång,Konjunkturläge,0,2011-11..2012-10,24,2002,2025,-0.3167042363377344,0.13159941123229432,23.882503086256374,0.13265812091632356,-0.6101951553098752,0.19471009752782306,-0.18201632286366254,0.3946381744696553,0.9414229876919339
Näringslivets efterfrågan,Konjunkturläge,0,2011-11..2012-10,22,2004,2025,-0.3081717125213563,0.16292141540121907,21.217981950239377,0.17160223457916995,-0.6745268897778544,0.18399429726903374,-0.23536114037267994,0.291697186900157,0.9414229876919339
Sysselsättning,Konjunkturläge,12,2010-11..2011-10,22,2004,2025,0.30775335695391437,0.16352272540355695,20.09472090941701,0.1856465223515099,-0.3187063797007426,0.6599566728639882,0.15785038020186945,0.48293860046656745,0.9414229876919339
Nyregistrerade personbilar,Konjunkturläge,0,2011-11..2012-10,24,2002,2025,-0.30318858090844103,0.14981676476405958,23.468543009957546,0.1549447010508558,-0.6627345132764094,0.21151418401094169,-0.2081430677723222,0.32906491317159514,0.9414229876919339
BNP kvartal,Förändring från föregående period,6,2011-05..2012-04,23,2003,2025,-0.3015388045654825,0.16202859629794278,23.0,0.16202859629794286,-0.6591191260476725,0.1256159061300969,-0.2345957491515092,0.28127210107298706,0.9414229876919339
Varuexport,Förändring från föregående period,18,2010-05..2011-04,22,2004,2025,0.29255733026061387,0.1864197484864774,22.0,0.18641974848647738,-0.03832823004017795,0.5432415810553479,0.3049510929347944,0.16759027746881255,0.9414229876919339
Nyregistrerade lastbilar,Konjunkturläge,18,2010-05..2011-04,22,2004,2025,0.2915787430690727,0.18796543161651807,21.011313144670794,0.1995482979362229,-0.189735426083858,0.6449751834400659,0.19858596218944863,0.37564407210857653,0.9414229876919339
Varuexport,Konjunkturläge,12,2010-11..2011-10,23,2003,2025,0.28923409956342955,0.18070600242123014,23.0,0.18070600242123006,-0.08086355206270672,0.6462552281669359,0.1697602151033073,0.43870266391436497,0.9414229876919339
Näringslivets produktion,Konjunkturläge,18,2010-05..2011-04,22,2004,2025,0.28522818206949063,0.19820822896361923,20.988038152974624,0.21025250981145677,-0.06267626250564362,0.6062560719670763,0.2240457009316857,0.3161776946973772,0.9414229876919339
Varuexport,Konjunkturläge,0,2011-11..2012-10,24,2002,2025,-0.28396917262332305,0.17869867227525543,24.0,0.17869867227525565,-0.5337542172888947,0.09534021617704395,-0.23252802968707123,0.2742130375311934,0.9414229876919339
Näringslivets efterfrågan,Förändring från föregående period,0,2011-11..2012-10,22,2004,2025,-0.28001668144341324,0.20689012896356668,22.0,0.2068901289635668,-0.5655067578991513,0.22709343230674175,-0.08090539200310871,0.7204058051440719,0.9414229876919339
Sysselsättning,Konjunkturläge,6,2011-05..2012-04,22,2004,2025,0.273150901873615,0.21871133938922765,20.4973603918172,0.2373388890996219,-0.33668224626177823,0.6315582097548849,-0.015841615217391917,0.9442170856154223,0.9414229876919339
Varuexport,Förändring från föregående period,0,2011-11..2012-10,24,2002,2025,-0.27223701478612755,0.19810904889925596,24.0,0.19810904889925585,-0.6544251116167448,0.35955627245735877,-0.11520044677044605,0.5919399658505764,0.9414229876919339
Nyregistrerade lastbilar,Konjunkturläge,12,2010-11..2011-10,23,2003,2025,0.27105632848206584,0.21092406071952208,21.39634460225468,0.22969711726092099,-0.18781678765296395,0.5799694669012782,0.0965109094610639,0.6613401590582565,0.9414229876919339
BNP-indikator månad,Konjunkturläge,12,2010-11..2011-10,23,2003,2025,0.2683543118675975,0.2156881580640424,22.737705111991716,0.2186464758013843,-0.10193745558452974,0.5668055018597585,0.16827543188082936,0.442776149098445,0.9414229876919339
BNP kvartal,Förändring från föregående period,0,2011-11..2012-10,23,2003,2025,-0.2672344818855782,0.21768347341374142,23.0,0.21768347341374175,-0.5861611834189857,0.1334961486487905,-0.14451890032118286,0.510599362947723,0.9414229876919339
Näringslivets efterfrågan,Konjunkturläge,18,2010-05..2011-04,20,2006,2025,0.26698665753556633,0.2551506106131548,20.0,0.255150610613155,-0.08095788033131981,0.6356776926210141,0.22079935851949906,0.34954036003198596,0.9414229876919339
Näringslivets produktion,Konjunkturläge,0,2011-11..2012-10,24,2002,2025,-0.2492516093368301,0.24017698147633088,21.962966512303108,0.2637553579508004,-0.5682950305772493,0.04969565247954571,-0.2081430677723222,0.32906491317159514,0.9414229876919339
Näringslivets produktion,Konjunkturläge,12,2010-11..2011-10,23,2003,2025,0.2490617542840206,0.25178649406622855,21.968159297564235,0.2640675818981026,-0.3442589487916845,0.5868973817776945,-0.0069289883715635625,0.9749685911997903,0.9414229876919339
Sysselsättning,Förändring från föregående period,6,2011-05..2012-04,22,2004,2025,-0.24778338503871836,0.26621690993258235,22.0,0.26621690993258235,-0.5684200636616675,0.1906850809928813,-0.1759550833074602,0.4334695160718842,0.9414229876919339
Arbetade timmar,Förändring från föregående period,6,2011-05..2012-04,22,2004,2025,-0.24762266034528754,0.26653725359503044,22.0,0.2665372535950309,-0.703222006852911,0.1558884320749915,-0.19858596218944863,0.37564407210857653,0.9414229876919339
Näringslivets efterfrågan,Förändring från föregående period,36,2008-11..2009-10,19,2007,2025,0.24642067280863547,0.30915566840422526,19.0,0.3091556684042255,-0.022904206979503686,0.5050533992652029,0.26385316119220975,0.2750450831335136,0.9414229876919339
Varuimport,Förändring från föregående period,0,2011-11..2012-10,24,2002,2025,-0.24288382436643735,0.2527937654894226,24.0,0.25279376548942273,-0.5497911442619007,0.25021541262271596,-0.03701288862060123,0.8636702904271154,0.9414229876919339
Hushållens konfidensindikator,Förändring från föregående period,12,2010-11..2011-10,23,2003,2025,-0.23398695099953754,0.28255865079715065,23.0,0.2825586507971506,-0.6429520791779078,-0.013027140091820736,-0.31625882638779407,0.14151184912751283,0.9414229876919339
Näringslivets efterfrågan,Konjunkturläge,12,2010-11..2011-10,21,2005,2025,0.231660796364678,0.31228964235657397,20.582517427516354,0.31780767602529275,-0.1240679298887914,0.559547684047261,0.15750122216275095,0.4953397788286441,0.9414229876919339
Sysselsättning,Konjunkturläge,36,2008-11..2009-10,20,2006,2025,-0.2299578602148382,0.32939181018486935,18.10296393408557,0.35704275798052476,-0.4424584144534096,-0.002238561895521854,-0.2079884742367977,0.378891555892072,0.9414229876919339
Hushållens konfidensindikator,Konjunkturläge,6,2011-05..2012-04,23,2003,2025,-0.22940657541840348,0.2923564537863605,23.0,0.2923564537863606,-0.6205740225578359,0.06877252823861842,-0.30091606642218904,0.16294004681041824,0.9414229876919339
Varuimport,Förändring från föregående period,12,2010-11..2011-10,23,2003,2025,-0.22885367855176103,0.29355326460436004,23.0,0.29355326460435915,-0.5627795578533915,0.10713222598687712,-0.17322470928908906,0.4292759374686461,0.9414229876919339
BNP kvartal,Konjunkturläge,12,2010-11..2011-10,23,2003,2025,0.22834845405080856,0.2946495412013186,22.40059130709234,0.3018133543343845,-0.13792843456681053,0.5500060143783508,0.1761942757340449,0.42128352855715245,0.9414229876919339
Hushållens konsumtion,Konjunkturläge,36,2008-11..2009-10,21,2005,2025,-0.22550977673462194,0.32566922345832067,18.779560284342505,0.35649637331385287,-0.5114572884051681,0.053576948102420585,-0.2818100380019469,0.21586031785513016,0.9414229876919339
Industrins orderingång,Konjunkturläge,18,2010-05..2011-04,22,2004,2025,0.22430207111074754,0.3156096746310386,20.82969102929375,0.330570367099732,-0.08775293078317335,0.5587142188657583,0.08430002383540698,0.7091582788924649,0.9414229876919339
Hushållens konfidensindikator,Konjunkturläge,0,2011-11..2012-10,24,2002,2025,-0.2234851643331885,0.2938315684313737,24.0,0.2938315684313739,-0.6421882933919748,0.16712740953922448,-0.1854998888514838,0.38549580514710113,0.9414229876919339
Nyregistrerade personbilar,Konjunkturläge,18,2010-05..2011-04,22,2004,2025,0.2229302768517431,0.31865625547889675,21.839885534481333,0.3206496938266751,-0.16002303883313526,0.5488105230532538,0.06958995256211449,0.7582908177539874,0.9414229876919339
Varuimport,Konjunkturläge,18,2010-05..2011-04,22,2004,2025,0.21546681592122674,0.3355412402732857,21.893237670412642,0.3368666849575279,-0.12403823984612325,0.5849704302896297,0.08599733975155611,0.7035562109619113,0.9414229876919339
Detaljhandel sällanköpsvaror,Konjunkturläge,6,2011-05..2012-04,23,2003,2025,-0.21545994908845936,0.32347286192362124,19.412132831300685,0.3697916749302964,-0.5417440968471644,0.18399530086673224,-0.14946817772944257,0.4960684071436947,0.9414229876919339
Arbetade timmar,Förändring från föregående period,0,2011-11..2012-10,23,2003,2025,-0.21488427415992717,0.32479865234914224,23.0,0.32479865234914285,-0.6459573248344028,0.10936751508773418,-0.22222255563086,0.3081438401177654,0.9414229876919339
BNP-indikator månad,Förändring från föregående period,18,2010-05..2011-04,22,2004,2025,0.21145843347893267,0.3448246690659854,22.0,0.3448246690659855,-0.09723123465422706,0.5143935459008516,0.17708662725155963,0.430470560981983,0.9414229876919339
Detaljhandel sällanköpsvaror,Konjunkturläge,12,2010-11..2011-10,23,2003,2025,-0.20684417818087986,0.3436562371907664,19.691472751884763,0.38580458679651164,-0.6721472464682865,0.4812678319038049,-0.10442975331427941,0.6353585137300646,0.9414229876919339
Sysselsättning,Förändring från föregående period,12,2010-11..2011-10,22,2004,2025,0.20604171457326356,0.3576071157273074,22.0,0.3576071157273075,-0.09149656097873941,0.5216934677013311,0.14370608090062667,0.5234598675875812,0.9414229876919339
Varuimport,Konjunkturläge,12,2010-11..2011-10,23,2003,2025,0.2056194852725237,0.3465843712966838,23.0,0.34658437129668385,-0.22154171798025635,0.5754733554910126,-0.02821088122708022,0.8983272736789218,0.9414229876919339
Varuimport,Förändring från föregående period,36,2008-11..2009-10,21,2005,2025,0.20382911604950832,0.3754975116943967,21.0,0.37549751169439616,0.06818695708668472,0.5321897557165648,0.2473159686853114,0.27976469402193854,0.9414229876919339
Industrins orderingång,Förändring från föregående period,18,2010-05..2011-04,22,2004,2025,0.20226449574487051,0.3666811502865551,22.0,0.36668115028655457,-0.26348598546867297,0.47758869614711025,0.11346932030068622,0.615118541623547,0.9414229876919339
Arbetade timmar,Konjunkturläge,12,2010-11..2011-10,22,2004,2025,0.2014062318073918,0.3687612615465246,22.0,0.3687612615465251,-0.1335079599629498,0.565177625547062,0.027157054658386144,0.9045115037965296,0.9414229876919339
Nyregistrerade lastbilar,Konjunkturläge,24,2009-11..2010-10,22,2004,2025,0.20107222752597267,0.36957259010000876,20.72686410349923,0.38566153562836913,-0.2119500699179099,0.641454678649745,0.10975976257764399,0.6267959935784573,0.9414229876919339
BNP-indikator månad,Konjunkturläge,0,2011-11..2012-10,24,2002,2025,-0.19412881346340594,0.36337489714072335,23.254365567202402,0.3718237352894963,-0.5242587188041191,0.1689337317648084,-0.1062487626285494,0.6212169656054799,0.9414229876919339
Hushållens konsumtion,Förändring från föregående period,0,2011-11..2012-10,24,2002,2025,-0.1937599513813123,0.3643050899671796,24.0,0.36430508996718003,-0.4752143036442811,0.17319142645727253,-0.10232975089225047,0.6342155570079324,0.9414229876919339
Arbetade timmar,Konjunkturläge,0,2011-11..2012-10,23,2003,2025,-0.19129516380159542,0.3819149635181965,23.0,0.3819149635181964,-0.6754728871428335,0.28593518366592807,-0.3088349102754045,0.15161443103352373,0.9414229876919339
Varuexport,Konjunkturläge,18,2010-05..2011-04,22,2004,2025,0.1884169595013579,0.40106156096109546,22.0,0.40106156096109524,-0.024606759477538896,0.5646934936680278,0.26874168672361287,0.22653431979116762,0.9414229876919339
Sysselsättning,Förändring från föregående period,36,2008-11..2009-10,20,2006,2025,0.18812014342335256,0.42704525612021166,20.0,0.4270452561202117,-0.09529771624647097,0.5957990330033669,0.2079884742367977,0.378891555892072,0.9414229876919339
BNP kvartal,Konjunkturläge,0,2011-11..2012-10,24,2002,2025,-0.18728050946446562,0.3808695867785298,23.009310595033572,0.3920637657017456,-0.5453301065119299,0.24677658250922171,-0.1358590735250304,0.5267429297713875,0.9414229876919339
Näringslivets produktion,Konjunkturläge,24,2009-11..2010-10,22,2004,2025,0.18621741695886468,0.4066817481666881,20.552377882247598,0.42465085594727625,-0.10349477561655733,0.5177878688135943,0.1702973635869631,0.448630252043289,0.9414229876919339
Hushållens konsumtion,Konjunkturläge,24,2009-11..2010-10,22,2004,2025,0.18475988137838473,0.4104297376130738,20.06356905565885,0.43466624389460473,-0.2079263732499639,0.5896839981399211,0.2093356296583932,0.3498016697106048,0.9414229876919339
Nyregistrerade lastbilar,Konjunkturläge,0,2011-11..2012-10,24,2002,2025,-0.18394787449316943,0.38955399142134894,22.14445523237912,0.410801465595628,-0.5751058584561584,0.24855360970745993,-0.2138038625025318,0.31578009128021156,0.9414229876919339
Hushållens konsumtion,Konjunkturläge,18,2010-05..2011-04,22,2004,2025,0.1832054470250441,0.41444767550746814,22.0,0.41444767550746797,-0.3221087061376718,0.5793632239251393,0.10806244666149487,0.6321681719855321,0.9414229876919339
Näringslivets produktion,Förändring från föregående period,12,2010-11..2011-10,23,2003,2025,-0.18129991607671775,0.40773305716071656,23.0,0.4077330571607164,-0.42119128608566014,0.11364290209335155,-0.07720872756885112,0.7262230037231802,0.9414229876919339
Sysselsättning,Förändring från föregående period,18,2010-05..2011-04,21,2005,2025,0.18034907652127566,0.43403614625711484,21.0,0.4340361462571144,-0.09449383297256271,0.4630293666087279,0.12105465835649454,0.601181273265573,0.9414229876919339
Hushållens konfidensindikator,Förändring från föregående period,36,2008-11..2009-10,21,2005,2025,0.17920417101799868,0.4370084687202147,21.0,0.4370084687202147,0.015476377980816542,0.44773895372524974,0.17312117807971797,0.4529798172818751,0.9414229876919339
Industrins orderingång,Förändring från föregående period,12,2010-11..2011-10,23,2003,2025,-0.17838908480440266,0.4154287277506642,23.0,0.4154287277506642,-0.5105795902657411,0.08348985813700582,-0.12769135713309993,0.5614960234894992,0.9414229876919339
Industrins orderingång,Förändring från föregående period,36,2008-11..2009-10,21,2005,2025,0.17775796974988756,0.4407783274202068,21.0,0.4407783274202066,0.02908978541612219,0.47714843735305507,0.23885515923028758,0.2970697115414729,0.9414229876919339
Nyregistrerade personbilar,Förändring från föregående period,12,2010-11..2011-10,23,2003,2025,-0.17119697299104725,0.43478001073723443,23.0,0.4347800107372344,-0.5285071859652647,0.2819581050423117,-0.10739931975923521,0.6257196073362788,0.9414229876919339
Nyregistrerade lastbilar,Förändring från föregående period,0,2011-11..2012-10,24,2002,2025,-0.16779743626638557,0.43319622308730676,24.0,0.43319622308730676,-0.5122977561225391,0.23194546318005754,-0.0509471525718864,0.8131081352984348,0.9414229876919339
Industrins orderingång,Konjunkturläge,12,2010-11..2011-10,23,2003,2025,0.1668985116291748,0.44657154398996723,23.0,0.44657154398996746,-0.34762270906727544,0.5960153013578797,0.02771595348625425,0.9001022630556486,0.9414229876919339
Sysselsättning,Konjunkturläge,18,2010-05..2011-04,21,2005,2025,0.16565941400692621,0.4729769126005693,19.27144875587056,0.4944018983964056,-0.3277144403763153,0.585455872727375,0.08525892604677841,0.7132822273389552,0.9414229876919339
Näringslivets efterfrågan,Konjunkturläge,24,2009-11..2010-10,20,2006,2025,0.1652212429218202,0.4863520214634569,19.125826257305874,0.49743612558166805,-0.18235639660815564,0.7183057042970913,0.20497414852322093,0.38599319746939265,0.9414229876919339
Detaljhandel sällanköpsvaror,Konjunkturläge,0,2011-11..2012-10,24,2002,2025,-0.16419369982675,0.4432799521331521,17.51957235579138,0.521595388919766,-0.526224417718099,0.23425479621021292,-0.09666895616204087,0.6531771930951922,0.9414229876919339
BNP kvartal,Förändring från föregående period,18,2010-05..2011-04,22,2004,2025,0.16418404917910123,0.4653187720538976,22.0,0.4653187720538976,-0.11171887704144615,0.4274427518644546,0.10353627088509716,0.6465812361495001,0.9414229876919339
Hushållens konfidensindikator,Förändring från föregående period,0,2011-11..2012-10,24,2002,2025,0.1580973661992883,0.4606184811397142,24.0,0.4606184811397144,-0.04492668123782025,0.41409854418054454,0.11582856909505797,0.5899079765415534,0.9414229876919339
Varuimport,Konjunkturläge,36,2008-11..2009-10,21,2005,2025,-0.15631851914526987,0.49862417499282297,21.0,0.4986241749928224,-0.41709926434843697,0.12395185590842984,-0.22648936079602203,0.3235158732766491,0.9414229876919339
Hushållens konsumtion,Förändring från föregående period,24,2009-11..2010-10,22,2004,2025,0.15257017505400977,0.49787895112626224,22.0,0.4978789511262621,-0.16862669121525975,0.4944500295488405,0.09222083144410295,0.6831439354587502,0.9414229876919339
Nyregistrerade personbilar,Konjunkturläge,24,2009-11..2010-10,22,2004,2025,0.1523093671461641,0.4986227382210232,21.37682284437243,0.5055605625688013,-0.16578163282435954,0.5725599059250449,0.07864230411490987,0.7279354576082078,0.9414229876919339
BNP kvartal,Konjunkturläge,18,2010-05..2011-04,22,2004,2025,0.15087129929486454,0.5027336688736459,21.06616210296101,0.513136168215083,-0.21190036870821824,0.5177145430748691,0.10014163905279891,0.6574722721547354,0.9414229876919339
Näringslivets produktion,Konjunkturläge,36,2008-11..2009-10,21,2005,2025,-0.1487687373619652,0.5198377127937006,19.977246474085,0.531598968541078,-0.40423032313779744,0.09894883247229165,-0.15554872767313005,0.5007676024692954,0.9414229876919339
Hushållens konsumtion,Konjunkturläge,0,2011-11..2012-10,24,2002,2025,-0.14483514882692639,0.4995229768604123,24.0,0.4995229768604127,-0.5847198982940897,0.1887325516264954,-0.1506642289732709,0.4822266469926322,0.9414229876919339
Varuimport,Konjunkturläge,6,2011-05..2012-04,23,2003,2025,-0.14267824564676126,0.5160555269566784,22.617302412094016,0.5199962962265909,-0.48186479626077255,0.24230833281860983,-0.13214570680053367,0.5478052540871187,0.9414229876919339
Detaljhandel sällanköpsvaror,Konjunkturläge,24,2009-11..2010-10,22,2004,2025,-0.13959345400609308,0.5355358079529577,19.766077334936682,0.559868381172981,-0.39945326227544536,0.2911531269280878,-0.20876985768634346,0.3511352064050225,0.9414229876919339
Näringslivets produktion,Förändring från föregående period,24,2009-11..2010-10,22,2004,2025,0.13678745636705422,0.5438486644998246,22.0,0.5438486644998244,-0.003316023384492374,0.4564161546148465,0.1652054158385157,0.46250864406922954,0.9414229876919339
Arbetade timmar,Förändring från föregående period,36,2008-11..2009-10,20,2006,2025,0.1359084613535437,0.5677780674676148,20.0,0.5677780674676144,-0.09123110311179562,0.41312893578225557,0.06330083998511234,0.7909112306378465,0.9414229876919339
Nyregistrerade lastbilar,Förändring från föregående period,12,2010-11..2011-10,23,2003,2025,-0.13495748662290008,0.5392425907278916,23.0,0.5392425907278916,-0.3315190841269395,0.1970312738063677,-0.10937903072253909,0.6193263164735967,0.9414229876919339
Nyregistrerade personbilar,Konjunkturläge,12,2010-11..2011-10,23,2003,2025,0.13373407191143707,0.5429605871842178,22.565774252389453,0.5472614006166692,-0.2402500429752792,0.46731802903158,0.035634797339469754,0.8717635293928119,0.9414229876919339
Varuexport,Förändring från föregående period,36,2008-11..2009-10,21,2005,2025,0.1320018607729147,0.5684243587569464,21.0,0.5684243587569457,0.022075475043859247,0.4980600434287655,0.19270870089636108,0.4026410488382708,0.9414229876919339
Arbetade timmar,Konjunkturläge,18,2010-05..2011-04,21,2005,2025,0.1309713274823631,0.5714742710773435,21.0,0.571474271077343,-0.27221945358715877,0.5313446829225185,0.07094063312289195,0.7599323907311919,0.9414229876919339
Varuimport,Förändring från föregående period,18,2010-05..2011-04,22,2004,2025,0.1287342342234507,0.5680298138520462,22.0,0.568029813852047,-0.26458400159566464,0.42666346487560763,-0.03394631832298268,0.8807875840703852,0.9414229876919339
Hushållens konfidensindikator,Förändring från föregående period,6,2011-05..2012-04,23,2003,2025,-0.12788643544495928,0.5608932418613338,23.0,0.560893241861334,-0.5608244748163719,0.13372027265982728,-0.19401167440377975,0.37506248746434623,0.9414229876919339
BNP-indikator månad,Konjunkturläge,18,2010-05..2011-04,22,2004,2025,0.12774861345627117,0.5710215457317067,22.0,0.5710215457317069,-0.17012155163731246,0.46776295114825617,0.1850074348602556,0.40979183342563685,0.9414229876919339
Varuexport,Förändring från föregående period,12,2010-11..2011-10,23,2003,2025,-0.126161764181268,0.5662324138195189,23.0,0.5662324138195189,-0.5379478792042697,0.1995587407755295,-0.08712880895987071,0.6926170708671524,0.9414229876919339
Näringslivets efterfrågan,Förändring från föregående period,12,2010-11..2011-10,21,2005,2025,-0.12519880840530062,0.5886889276682389,21.0,0.5886889276682383,-0.5373407818635572,0.1816395064182392,-0.1711686835900971,0.4581695748923794,0.9414229876919339
Nyregistrerade lastbilar,Förändring från föregående period,18,2010-05..2011-04,22,2004,2025,0.12486382521273809,0.5798174819424862,22.0,0.579817481942486,-0.15750036522150052,0.3905913103083394,0.06110337298136882,0.7870656616097431,0.9414229876919339
Hushållens konfidensindikator,Konjunkturläge,18,2010-05..2011-04,22,2004,2025,0.12237449506564402,0.5874543921543868,22.0,0.5874543921543862,-0.07288862525905133,0.49651314016149595,0.1357852732919307,0.5468319416667783,0.9414229876919339
BNP-indikator månad,Konjunkturläge,6,2011-05..2012-04,23,2003,2025,0.11767566164541524,0.5928264438549105,23.0,0.5928264438549109,-0.2107960091034446,0.46197359275275707,0.15095296095192046,0.49174937418401155,0.9414229876919339
Näringslivets efterfrågan,Förändring från föregående period,18,2010-05..2011-04,20,2006,2025,0.11431972813381183,0.6312895162989042,20.0,0.6312895162989038,-0.3071127082102727,0.384844214762955,0.10700856283197564,0.6534056712256691,0.9414229876919339
Detaljhandel sällanköpsvaror,Förändring från föregående period,12,2010-11..2011-10,23,2003,2025,-0.11430896656794472,0.6035218198807013,23.0,0.6035218198807013,-0.48514535356260174,0.10121853429239176,-0.22222255563086,0.3081438401177654,0.9414229876919339
Näringslivets efterfrågan,Förändring från föregående period,24,2009-11..2010-10,20,2006,2025,0.11260254151734296,0.6364578085396557,20.0,0.6364578085396566,-0.05381051815123874,0.39816008263920194,0.08892260855051498,0.7092914104624193,0.9414229876919339
Detaljhandel sällanköpsvaror,Konjunkturläge,18,2010-05..2011-04,22,2004,2025,-0.11066816893770273,0.6239282585501971,22.0,0.6239282585501968,-0.490697454945716,0.5252071561229803,-0.09901009510869947,0.6611177178896701,0.9414229876919339
Nyregistrerade personbilar,Konjunkturläge,6,2011-05..2012-04,23,2003,2025,-0.10914642866553106,0.6200761130553533,22.498465882768215,0.624385429058746,-0.42689422899374024,0.3346543079473764,-0.09057177657115228,0.681079588883482,0.9414229876919339
Sysselsättning,Förändring från föregående period,24,2009-11..2010-10,21,2005,2025,0.10848526922671048,0.6397230537010645,21.0,0.6397230537010639,-0.13957073960776678,0.3471973677286927,0.10673636543260809,0.6451602229875537,0.9414229876919339
Hushållens konsumtion,Förändring från föregående period,18,2010-05..2011-04,22,2004,2025,-0.10809008028664768,0.6320805641686696,22.0,0.6320805641686698,-0.3997833143242319,0.10320684886247032,-0.04413021381987748,0.8453920647107906,0.9414229876919339
Arbetade timmar,Konjunkturläge,6,2011-05..2012-04,22,2004,2025,0.10724531871978114,0.634760889663099,22.0,0.6347608896630991,-0.05359022780744328,0.3819497110870566,0.03620940621118152,0.8729005079692527,0.9414229876919339
BNP kvartal,Förändring från föregående period,36,2008-11..2009-10,20,2006,2025,0.10574362813912744,0.6572611271245141,20.0,0.6572611271245141,-0.1596797632484385,0.2884496359908409,0.10776214426036984,0.6511127989861591,0.9414229876919339
Industrins orderingång,Förändring från föregående period,24,2009-11..2010-10,22,2004,2025,0.10572749668203339,0.6395878539894643,22.0,0.6395878539894636,-0.12573842871465135,0.3880670808435894,0.020367790993789606,0.928314343326543,0.9414229876919339
Arbetade timmar,Förändring från föregående period,24,2009-11..2010-10,21,2005,2025,0.10465523870809064,0.6516529987392873,21.0,0.6516529987392874,-0.12483448914428769,0.3686448837416056,0.0481615307439817,0.8357684072488419,0.9414229876919339
Nyregistrerade lastbilar,Förändring från föregående period,24,2009-11..2010-10,22,2004,2025,0.10259281103553736,0.6496012634693731,22.0,0.649601263469374,-0.1497567639673355,0.4610866160494823,0.11598325427019081,0.6072554531938417,0.9414229876919339
Hushållens konsumtion,Förändring från föregående period,12,2010-11..2011-10,23,2003,2025,-0.10205086734552891,0.6431217428032986,23.0,0.6431217428032978,-0.43013825473456613,0.27259949850966636,-0.12125729650236235,0.5815375652982562,0.9414229876919339
Varuimport,Konjunkturläge,24,2009-11..2010-10,22,2004,2025,0.09850720956947691,0.6627402319082007,22.0,0.6627402319082006,-0.10194719384293915,0.5818107655353042,0.10523358680124628,0.6411616351248886,0.9414229876919339
Hushållens konfidensindikator,Konjunkturläge,12,2010-11..2011-10,23,2003,2025,-0.09734756726222356,0.658576510016221,22.608358350386798,0.6616467624503254,-0.3468618899539741,0.25152811476418085,-0.011878265779823248,0.9571016577811736,0.9414229876919339
Industrins orderingång,Konjunkturläge,6,2011-05..2012-04,23,2003,2025,-0.09674695033739106,0.6605600334752322,21.291025912396293,0.6741569878535277,-0.478653837281893,0.2953971590849731,-0.07473408886472128,0.7346857186787387,0.9414229876919339
Arbetade timmar,Förändring från föregående period,18,2010-05..2011-04,21,2005,2025,0.09450786850233582,0.6836524077286668,21.0,0.6836524077286663,-0.18583313052511408,0.37010656207224363,0.10868885992222893,0.6390912571008057,0.9414229876919339
Detaljhandel sällanköpsvaror,Förändring från föregående period,0,2011-11..2012-10,24,2002,2025,0.0935773293306805,0.6636226264294403,24.0,0.6636226264294405,-0.2811565971805038,0.41577136212389726,-0.15284145771565918,0.4758449227107261,0.9414229876919339
Industrins orderingång,Konjunkturläge,24,2009-11..2010-10,22,2004,2025,0.09342395600054536,0.679221859706147,22.0,0.6792218597061473,-0.100382101556843,0.6035223156111332,0.13295641343168216,0.5552929198851528,0.9414229876919339
BNP kvartal,Förändring från föregående period,24,2009-11..2010-10,21,2005,2025,0.09147657120033403,0.6933166954269826,21.0,0.693316695426982,-0.16873446125959196,0.37993653117489246,0.11649883788071248,0.6150397766769953,0.946969144973439
Hushållens konsumtion,Förändring från föregående period,6,2011-05..2012-04,23,2003,2025,-0.09098422100827405,0.679702040729149,23.0,0.6797020407291487,-0.5446299645437581,0.26004992684164396,-0.0871072823853705,0.6926894184487189,0.9414229876919339
Hushållens konfidensindikator,Förändring från föregående period,18,2010-05..2011-04,22,2004,2025,0.08491459882214299,0.7071281523576931,22.0,0.7071281523576924,-0.298515398213766,0.39089247652708436,0.05261679340062314,0.816111345029439,0.9474906809431193
Detaljhandel sällanköpsvaror,Förändring från föregående period,36,2008-11..2009-10,21,2005,2025,0.08259349433147514,0.7218976616709477,21.0,0.721897661670948,-0.14936184837054836,0.3003472154181864,-0.0279857543512326,0.904152893669813,0.9474906809431193
Hushållens konfidensindikator,Konjunkturläge,24,2009-11..2010-10,22,2004,2025,0.08104914297446897,0.7199283586036721,22.0,0.719928358603672,-0.2580531974808239,0.5126008607186263,0.11598325427019081,0.6072554531938417,0.9474906809431193
Hushållens konfidensindikator,Förändring från föregående period,24,2009-11..2010-10,22,2004,2025,0.08104424316876623,0.7199446308897302,22.0,0.71994463088973,-0.12340673122315193,0.34547775242125806,0.039038266071430086,0.8630581151499431,0.9474906809431193
Industrins orderingång,Förändring från föregående period,0,2011-11..2012-10,24,2002,2025,-0.07931957093585994,0.7125584546396964,24.0,0.712558454639695,-0.4800855596983033,0.5853152295954244,0.040931900356900176,0.8493883309435704,0.9474906809431193
BNP-indikator månad,Konjunkturläge,36,2008-11..2009-10,21,2005,2025,-0.0779756846916645,0.7369001788594794,20.670104028098308,0.7391686665788013,-0.3258066017209016,0.1984059179518067,-0.11064135441184983,0.6330444071518277,0.9550006625117492
Detaljhandel sällanköpsvaror,Konjunkturläge,36,2008-11..2009-10,21,2005,2025,-0.07762109455698771,0.738056079914135,17.53211699436851,0.7630429100696866,-0.40722999672721094,0.30059241047122054,-0.19655111195516853,0.39314260471709006,0.9550006625117492
BNP kvartal,Förändring från föregående period,12,2010-11..2011-10,22,2004,2025,0.07439997682605136,0.7421153570142529,22.0,0.7421153570142527,-0.29808930526997673,0.4332231061136429,0.09108928750000353,0.6868398829763003,0.9550006625117492
Arbetade timmar,Konjunkturläge,24,2009-11..2010-10,21,2005,2025,0.07226670380216106,0.7555753068186762,21.0,0.7555753068186767,-0.3840696750203808,0.5323946125563749,0.005206651972322345,0.9821297642299671,0.9550006625117492
Varuimport,Förändring från föregående period,24,2009-11..2010-10,22,2004,2025,0.06894856317198453,0.7604552826080404,22.0,0.7604552826080409,-0.17876906738679124,0.39171540936977384,0.04526175776397691,0.8414756974518457,0.9550006625117492
Näringslivets produktion,Förändring från föregående period,18,2010-05..2011-04,22,2004,2025,0.06618398980726736,0.7698043825800256,22.0,0.7698043825800251,-0.3160742636767185,0.3734961494902027,0.013578527329193072,0.9521765257671214,0.9550006625117492
Näringslivets produktion,Förändring från föregående period,36,2008-11..2009-10,21,2005,2025,0.06474832689455609,0.780369324643534,21.0,0.7803693246435334,-0.13975650104867032,0.33876073719404404,0.12821380481843775,0.5796702334753371,0.9550006625117492
Arbetade timmar,Förändring från föregående period,12,2010-11..2011-10,22,2004,2025,0.06318552913665026,0.7799794122140389,22.0,0.7799794122140395,-0.1282975917031282,0.33737110853389607,0.0599718290372694,0.7909235434834186,0.9550006625117492
Sysselsättning,Konjunkturläge,0,2011-11..2012-10,23,2003,2025,-0.061612562284053735,0.7800371852609341,20.907220774720628,0.7912856135856855,-0.4328530604288181,0.2903329212780413,-0.08760221012619646,0.6910266984448469,0.9550006625117492
Nyregistrerade lastbilar,Konjunkturläge,36,2008-11..2009-10,21,2005,2025,-0.05552636077763009,0.8110616126814676,19.8044628968443,0.8171521120414208,-0.3018253937514625,0.2088374650718971,-0.04620903625436082,0.8423444655891006,0.9550006625117492
Varuexport,Konjunkturläge,36,2008-11..2009-10,21,2005,2025,-0.055472101495523465,0.8112430351818474,21.0,0.8112430351818475,-0.2664677584282523,0.2940501216520483,0.04490737326128023,0.8467341498187715,0.9550006625117492
Nyregistrerade personbilar,Förändring från föregående period,18,2010-05..2011-04,22,2004,2025,0.05295242499995857,0.8149579292167665,22.0,0.8149579292167666,-0.2415183993187129,0.23233363119860295,0.051485249456523725,0.8200026524827659,0.9550006625117492
Industrins orderingång,Konjunkturläge,36,2008-11..2009-10,21,2005,2025,-0.051304546617001796,0.8252049288284884,21.0,0.8252049288284884,-0.26135008733009063,0.3128183067016654,0.03189074333047436,0.8908511033474191,0.9550006625117492
BNP kvartal,Konjunkturläge,36,2008-11..2009-10,21,2005,2025,-0.05012255783302096,0.8291742090186935,20.425407493459822,0.8318057202473748,-0.2864659156503098,0.24720074992668956,-0.1028313764533663,0.657363187528222,0.9550006625117492
Detaljhandel sällanköpsvaror,Förändring från föregående period,6,2011-05..2012-04,23,2003,2025,0.047813449778578196,0.8284880105370266,23.0,0.8284880105370268,-0.5647790596897571,0.40657071017757496,0.15738702158265805,0.47325198940907887,0.9550006625117492
Nyregistrerade personbilar,Förändring från föregående period,0,2011-11..2012-10,24,2002,2025,-0.04507953316283852,0.8343232133203891,24.0,0.8343232133203886,-0.2625862442817484,0.29283733539359397,-0.05399527281123003,0.8021364532296054,0.9550006625117492
Nyregistrerade personbilar,Förändring från föregående period,24,2009-11..2010-10,22,2004,2025,0.043050116778125966,0.8491336628408155,22.0,0.8491336628408149,-0.2682759357912387,0.47500703771974595,0.058840285093169985,0.7947861576391657,0.9550006625117492
Hushållens konsumtion,Konjunkturläge,6,2011-05..2012-04,23,2003,2025,-0.043004749200488045,0.8455247080634445,21.584733946067267,0.8508841677078278,-0.3771665170686491,0.3118342841014627,-0.04800799086011897,0.8278002909344722,0.9550006625117492
BNP kvartal,Konjunkturläge,24,2009-11..2010-10,22,2004,2025,0.04050975144153606,0.8579460589106271,21.341008170528287,0.8603402929971431,-0.2287330607254753,0.35706354646830124,0.07807653214286017,0.7298216938903697,0.9550006625117492
Nyregistrerade personbilar,Konjunkturläge,36,2008-11..2009-10,21,2005,2025,-0.04011127531659572,0.8629451383897506,20.492249308294955,0.8648192719282957,-0.26505360828917346,0.2317911175398043,-0.12495964733573629,0.5894068643656522,0.9550006625117492
Hushållens konsumtion,Förändring från föregående period,36,2008-11..2009-10,21,2005,2025,-0.03936738987087697,0.8654644199173859,21.0,0.8654644199173857,-0.2921090456603852,0.17167147606604474,-0.02082660788928938,0.9286013340996846,0.9550006625117492
BNP kvartal,Konjunkturläge,6,2011-05..2012-04,23,2003,2025,0.039050377503056566,0.8595852835968784,21.580220062405655,0.8644830788378723,-0.278841885522713,0.46277661692976463,0.14550875580283482,0.5076767831945195,0.9550006625117492
BNP-indikator månad,Förändring från föregående period,36,2008-11..2009-10,21,2005,2025,0.03868887221616453,0.8677634197426981,21.0,0.8677634197426987,-0.1083836099895477,0.24604985970683635,0.032541574827014655,0.8886367843095027,0.9550006625117492
Nyregistrerade lastbilar,Konjunkturläge,6,2011-05..2012-04,23,2003,2025,0.03720714575075589,0.8661536569185171,20.91184758957477,0.8730881046159076,-0.2533090654902616,0.39623381454821793,0.018312326410560843,0.9339057053710702,0.9550006625117492
Sysselsättning,Konjunkturläge,24,2009-11..2010-10,21,2005,2025,0.0364452033346863,0.8753727932894477,19.597941664085955,0.8801475652314801,-0.37262876644660886,0.41667364555919395,-0.026684091358152022,0.9085924934141394,0.9550006625117492
Hushållens konsumtion,Konjunkturläge,12,2010-11..2011-10,23,2003,2025,0.035515399840318165,0.872189767078682,23.0,0.8721897670786819,-0.3697368084539625,0.3918479132348096,-0.08512757142206662,0.6993539599683338,0.9550006625117492
Näringslivets efterfrågan,Konjunkturläge,36,2008-11..2009-10,19,2007,2025,-0.034761538726558024,0.8876508880230499,18.661744463998787,0.8887998142724609,-0.2877891759104022,0.3268931921558833,-0.03078286880575781,0.9004451428834508,0.9550006625117492
Nyregistrerade lastbilar,Förändring från föregående period,36,2008-11..2009-10,21,2005,2025,0.03164185521223991,0.8916981011185442,21.0,0.8916981011185442,-0.37555953380192186,0.4461014841559238,-0.06052732917824727,0.7943814153274323,0.9550006625117492
BNP-indikator månad,Konjunkturläge,24,2009-11..2010-10,22,2004,2025,0.030952430165982956,0.8912382389114057,21.55752888394286,0.8924708572282418,-0.2544910603550777,0.35424963205944093,0.1256013777950359,0.5775630582102782,0.9550006625117492
Nyregistrerade personbilar,Förändring från föregående period,36,2008-11..2009-10,21,2005,2025,0.02598761949509172,0.9109690452297855,21.0,0.9109690452297854,-0.3140222855273133,0.2850721207640802,-0.1425320977423242,0.5376776445216388,0.9598971080378013
Varuexport,Konjunkturläge,6,2011-05..2012-04,23,2003,2025,0.025127483510557085,0.9093928057673654,23.0,0.909392805767365,-0.36397575600212806,0.36899419343778633,0.06038118438076819,0.7843314934021879,0.9598971080378013
Detaljhandel sällanköpsvaror,Förändring från föregående period,24,2009-11..2010-10,22,2004,2025,-0.02439471401539029,0.9141877219407626,22.0,0.914187721940763,-0.3813146892307088,0.414808001234722,-0.12843023765528447,0.5689518200979984,0.9598971080378013
Detaljhandel sällanköpsvaror,Förändring från föregående period,18,2010-05..2011-04,22,2004,2025,-0.023635106001534317,0.9168506728107714,20.22334077911251,0.920713187144276,-0.5534465650651597,0.5682888617125221,0.20707254177019432,0.3551536139807383,0.9607441952809836
Näringslivets efterfrågan,Konjunkturläge,6,2011-05..2012-04,21,2005,2025,0.018179828611083693,0.9376569136107806,20.938321637068974,0.9377606380155941,-0.3618576112092803,0.4134911903605058,0.06443231815748902,0.7814161429751951,0.970314514554288
Näringslivets produktion,Konjunkturläge,6,2011-05..2012-04,23,2003,2025,0.016740680522670193,0.9395676783230125,21.748956085898143,0.9414361063830294,-0.37139408458065926,0.38187538112623437,-0.021281892855516654,0.9232162840006992,0.970314514554288
BNP-indikator månad,Förändring från föregående period,24,2009-11..2010-10,22,2004,2025,0.008616742050429966,0.9696418714714157,22.0,0.9696418714714157,-0.18587057531984794,0.3556878204525852,-0.039038266071430086,0.8630581151499431,0.9922304928767612
Varuexport,Förändring från föregående period,24,2009-11..2010-10,22,2004,2025,0.005823810687523727,0.9794793225366547,22.0,0.9794793225366545,-0.20141977262958627,0.303779581807033,-0.030843281577992016,0.8916195798829034,0.9922304928767612
Hushållens konfidensindikator,Konjunkturläge,36,2008-11..2009-10,21,2005,2025,-0.005240044775464465,0.9820151714515987,21.0,0.9820151714515986,-0.20248385131969807,0.34812194597176227,0.038399058295877295,0.8687457013096126,0.9922304928767612
Varuexport,Konjunkturläge,24,2009-11..2010-10,22,2004,2025,-0.0038809556685560132,0.9863243589905901,22.0,0.9863243589905901,-0.15128171223144465,0.381900927795172,0.016407387189441628,0.9422279995303292,0.9922304928767612
BNP-indikator månad,Förändring från föregående period,12,2010-11..2011-10,23,2003,2025,0.0010011870365377058,0.9963826100782563,23.0,0.9963826100782553,-0.2831922856927696,0.36897720156035324,0.023756531559646497,0.9143181608174388,0.9963826100782553
