indikator,Arbetade timmar,Arbetade timmar,BNP kvartal,BNP kvartal,BNP-indikator månad,BNP-indikator månad,Detaljhandel sällanköpsvaror,Detaljhandel sällanköpsvaror,Hushållens konfidensindikator,Hushållens konfidensindikator,Hushållens konsumtion,Hushållens konsumtion,Industrins orderingång,Industrins orderingång,Nyregistrerade lastbilar,Nyregistrerade lastbilar,Nyregistrerade personbilar,Nyregistrerade personbilar,Näringslivets efterfrågan,Näringslivets efterfrågan,Näringslivets produktion,Näringslivets produktion,Sysselsättning,Sysselsättning,Varuexport,Varuexport,Varuimport,Varuimport
tabellinnehåll,Förändring från föregående period,Konjunkturläge,Förändring från föregående period,Konjunkturläge,Förändring från föregående period,Konjunkturläge,Förändring från föregående period,Konjunkturläge,Förändring från föregående period,Konjunkturläge,Förändring från föregående period,Konjunkturläge,Förändring från föregående period,Konjunkturläge,Förändring från föregående period,Konjunkturläge,Förändring från föregående period,Konjunkturläge,Förändring från föregående period,Konjunkturläge,Förändring från föregående period,Konjunkturläge,Förändring från föregående period,Konjunkturläge,Förändring från föregående period,Konjunkturläge,Förändring från föregående period,Konjunkturläge
year,,,,,,,,,,,,,,,,,,,,,,,,,,,,
2000,,,,,,,,,,,,,,,,,,,,,,,,,,,,
2001,,,,-0.07800000000000004,0.19111111111111112,-0.017999999999999995,-0.013333333333333334,0.55,-0.04777777777777778,1.866,0.030000000000000002,0.458,-3.0839528461809902e-18,0.5900000000000001,0.08666666666666667,0.471,0.08444444444444445,1.059,,,0.1511111111111111,0.10600000000000001,,,0.13777777777777778,0.42300000000000004,0.1022222222222222,0.9789999999999999
2002,-0.053333333333333344,1.431,-0.23333333333333336,-0.22249999999999995,-0.085,-0.0033333333333333457,-0.054166666666666675,-0.003333333333333327,-0.1391666666666667,0.5599999999999999,-0.04666666666666667,0.1825,-0.07999999999999997,-0.48666666666666675,-0.11500000000000003,0.05833333333333334,-0.17666666666666672,-0.5366666666666667,,,-0.07166666666666667,0.1575,-0.014444444444444442,0.805,-0.12416666666666666,-0.30916666666666665,-0.1566666666666667,0.11833333333333336
2003,-0.12166666666666669,0.4966666666666666,-0.0325,-0.39833333333333326,-0.023333333333333334,-0.35083333333333333,-0.011666666666666667,-0.32583333333333336,0.005833333333333339,0.4141666666666666,0.011666666666666667,-0.26833333333333326,-0.06083333333333333,-0.9175,0.009166666666666667,-0.5258333333333334,0.08333333333333333,-0.5958333333333333,-0.028000000000000004,0.13727272727272727,-0.04583333333333334,-0.3758333333333333,-0.024999999999999994,0.5775000000000001,-0.055000000000000014,-0.8541666666666666,-0.04083333333333334,-0.9341666666666666
2004,-0.10916666666666668,-0.8325000000000001,-0.0275,-0.7633333333333333,-0.01583333333333333,-0.8883333333333333,-0.014166666666666666,-0.5866666666666667,0.03666666666666667,-0.09333333333333332,-0.07083333333333333,-0.395,0.059166666666666666,-0.9333333333333332,-0.03,-0.5683333333333334,-0.005833333333333333,0.04166666666666665,-0.11083333333333334,-0.9574999999999999,0.01,-0.6391666666666665,-0.07916666666666668,0.05499999999999999,0.05166666666666667,-0.8816666666666667,0.022499999999999996,-0.7325
2005,0.12916666666666668,-0.5683333333333334,0.23416666666666672,-0.18000000000000002,0.06916666666666667,-0.41416666666666674,0.014166666666666668,-0.4591666666666667,-0.009166666666666667,0.3833333333333333,-0.01,-0.945,0.05666666666666668,-0.2041666666666667,0.06166666666666667,-0.4591666666666667,0.035,0.030000000000000016,0.115,-0.9150000000000001,0.03916666666666666,-0.3791666666666667,-0.06749999999999999,-0.8758333333333334,0.065,-0.011666666666666672,0.05416666666666666,-0.5591666666666666
2006,-0.10083333333333334,-0.7908333333333334,0.12916666666666668,0.3858333333333333,0.025833333333333333,0.13083333333333333,0.04750000000000001,-0.12916666666666668,0.016666666666666666,0.4575,0.10000000000000002,-0.3408333333333333,0.035,0.1975,0.055833333333333346,0.26333333333333336,0.020833333333333332,0.355,0.04833333333333333,0.10666666666666665,0.024999999999999998,-0.008333333333333344,0.017499999999999998,-1.3633333333333333,0.05166666666666667,0.38916666666666666,0.009166666666666668,-0.12749999999999997
2007,0.11,-0.8325,0.32416666666666666,1.4858333333333336,0.11166666666666669,1.2058333333333333,0.04583333333333333,0.44416666666666665,0.01916666666666667,0.8683333333333333,0.07250000000000002,0.7133333333333335,0.12916666666666668,1.3383333333333332,0.005833333333333328,0.7033333333333333,0.01416666666666667,0.5258333333333333,0.10583333333333338,1.1633333333333333,0.09749999999999999,0.7833333333333333,0.1375,-0.45500000000000007,0.065,1.105,0.105,0.43166666666666664
2008,0.16083333333333336,1.3825,0.08083333333333333,2.2825,0.07333333333333335,2.238333333333333,0.0325,1.0341666666666665,-0.001666666666666667,0.8816666666666667,0.09999999999999999,1.8308333333333335,0.03583333333333333,2.2866666666666666,0.08416666666666668,1.3258333333333334,0.043333333333333335,1.0641666666666665,0.0375,2.1574999999999998,0.08750000000000001,2.1549999999999994,0.1125,1.3749999999999998,0.017499999999999998,1.4491666666666667,0.06083333333333333,1.7175
2009,-0.11666666666666668,1.3141666666666667,-0.5891666666666666,1.3491666666666668,-0.19583333333333333,1.5208333333333333,-0.09833333333333333,0.8183333333333332,-0.205,-0.48916666666666675,-0.20750000000000002,0.915,-0.1875,2.016666666666667,-0.16916666666666666,0.9883333333333333,-0.25333333333333335,-0.18999999999999995,-0.1825,1.2949999999999997,-0.1475,1.4749999999999999,-0.02666666666666666,2.099166666666667,-0.1075,2.035,-0.1416666666666667,1.7749999999999995
2010,-0.22916666666666674,-1.4241666666666666,-0.6108333333333332,-2.0483333333333333,-0.2533333333333333,-1.695,-0.019166666666666665,-0.30166666666666664,0.16666666666666666,-0.8083333333333332,-0.09499999999999999,-0.9841666666666667,-0.17,-1.6000000000000003,-0.15,-1.9725000000000001,0.0050000000000000044,-2.6225,-0.15333333333333332,-1.759166666666667,-0.22083333333333333,-1.3283333333333331,-0.2741666666666667,-0.5741666666666666,-0.26999999999999996,-2.295833333333333,-0.18333333333333332,-2.285833333333333
2011,0.21083333333333332,-0.31749999999999995,0.6649999999999999,-0.9208333333333334,0.2908333333333334,-0.9941666666666668,0.06083333333333333,-0.019999999999999993,0.07833333333333332,0.7916666666666665,0.12833333333333335,-0.4391666666666667,0.20750000000000005,-0.43416666666666665,0.17166666666666666,-0.9016666666666667,0.1991666666666667,-0.2733333333333333,0.19833333333333336,-0.6250000000000001,0.1391666666666667,-0.9366666666666665,0.065,-1.5291666666666668,0.2808333333333333,-1.0766666666666667,0.1991666666666667,-0.27499999999999997
2012,-0.023333333333333334,0.17999999999999997,-0.011666666666666681,0.4975,-0.0625,0.6283333333333333,-0.07833333333333335,-0.23916666666666667,-0.14333333333333334,0.5133333333333333,-0.09000000000000001,-0.4183333333333333,-0.06333333333333334,0.23583333333333334,0.09166666666666667,0.7608333333333334,-0.024166666666666666,0.7391666666666666,-0.06500000000000002,0.3608333333333334,0.053333333333333344,0.16666666666666666,0.07083333333333332,-0.235,0.04083333333333334,1.2433333333333334,-0.0008333333333333434,0.9025
2013,-0.07333333333333332,-0.29916666666666664,-0.26333333333333336,-0.7775,-0.057500000000000016,-0.67,-0.03916666666666666,-0.7166666666666667,0.030833333333333338,-0.04916666666666667,0.005000000000000001,-1.1608333333333332,-0.06666666666666667,-0.5741666666666666,-0.14833333333333334,-0.1791666666666667,-0.1025,-0.5225,-0.07333333333333333,-0.6741666666666667,-0.08750000000000001,-0.33666666666666667,-0.04333333333333333,-0.4016666666666666,-0.0775,0.6,-0.061666666666666675,0.1616666666666667
2014,-0.011666666666666665,-0.9958333333333332,-0.13166666666666668,-1.3624999999999998,-0.04749999999999999,-1.2758333333333334,0.005,-0.9891666666666666,0.04666666666666667,0.025000000000000005,-0.01749999999999999,-0.9491666666666666,-0.04666666666666667,-1.0833333333333333,-0.022500000000000003,-1.1433333333333333,0.01416666666666667,-1.1874999999999998,0.011666666666666665,-1.3116666666666668,-0.06333333333333334,-1.3666666666666665,-0.010833333333333334,-0.6875,-0.09333333333333334,-0.6233333333333333,-0.08166666666666668,-1.0766666666666667
2015,0.0775,-0.5325,0.07666666666666667,-1.2025,0.01666666666666667,-1.1133333333333333,0.020833333333333332,-0.765,-0.021666666666666667,0.44333333333333336,0.020833333333333332,-0.8733333333333334,-0.001666666666666667,-1.3941666666666668,0.04416666666666667,-0.6191666666666666,0.039999999999999994,-0.36833333333333335,0.026666666666666672,-0.8358333333333333,-0.01416666666666666,-1.7275000000000003,0.05416666666666667,-0.5058333333333334,0.005,-1.0225,0.0325,-1.0250000000000001
2016,-0.04999999999999999,-0.2575,0.3675,-0.13666666666666663,0.13583333333333336,-0.022499999999999975,0.09000000000000001,0.09416666666666666,-0.020833333333333332,0.13833333333333334,0.06083333333333333,-0.30333333333333334,0.09000000000000001,-0.6791666666666667,0.028333333333333335,-0.29416666666666663,0.10583333333333335,0.43,0.10750000000000003,-0.10416666666666669,0.15333333333333332,-0.30250000000000005,-0.005833333333333334,-0.3191666666666667,0.03333333333333333,-0.7233333333333333,0.0825,-0.46
2017,0.08,0.19416666666666668,0.028333333333333325,0.2041666666666667,0.006666666666666672,0.21083333333333332,-0.011666666666666667,0.28083333333333343,0.030833333333333334,0.13333333333333333,0.12916666666666668,0.7075,0.04,-0.3525,0.09916666666666667,0.6774999999999999,0.06,1.3383333333333332,-0.011666666666666667,0.4266666666666666,0.021666666666666667,-0.001666666666666668,0.021666666666666667,-0.08916666666666666,0.009166666666666665,-0.6541666666666667,-0.0066666666666666645,-0.025000000000000005
2018,0.10416666666666667,0.7499999999999999,-0.005833333333333332,0.4375,-0.004166666666666661,0.45916666666666656,-0.0008333333333333321,0.2058333333333333,0.020833333333333332,0.49,-0.030833333333333338,1.0141666666666667,0.050833333333333335,0.3875,0.07666666666666667,1.485,-0.024166666666666666,1.5824999999999998,0.07500000000000001,0.9258333333333333,0.06083333333333334,0.7100000000000001,0.10916666666666669,0.9208333333333334,0.08166666666666667,-0.24333333333333332,0.0625,0.2625
2019,-0.035,1.7091666666666667,-0.05333333333333332,0.3458333333333334,-0.028333333333333335,0.26,-0.035,-0.021666666666666667,-0.032499999999999994,0.4575,-0.004166666666666663,1.3316666666666668,-0.0075,0.7225000000000001,-0.055833333333333325,1.9291666666666665,-0.08583333333333333,1.3908333333333331,-0.024166666666666666,1.1108333333333333,0.008333333333333333,1.2566666666666666,0.0008333333333333312,1.508333333333333,0.012499999999999999,0.46083333333333343,0.008333333333333323,1.038333333333333
2020,-0.08083333333333333,0.7516666666666666,0.17666666666666664,0.6941666666666665,0.07666666666666667,0.7491666666666666,0.04583333333333334,-0.08166666666666665,-0.03666666666666667,-0.08666666666666667,-0.003333333333333329,0.8783333333333333,-0.04416666666666667,0.2708333333333333,-0.12,0.5399999999999999,-0.010833333333333332,0.5441666666666668,-0.10083333333333334,0.31,-0.06416666666666666,1.0741666666666667,-0.02083333333333334,1.2016666666666667,-0.085,0.46,-0.10333333333333333,0.42
2021,0.013333333333333336,0.39333333333333337,-0.14833333333333337,0.4933333333333334,-0.12166666666666666,0.07249999999999998,0.06,1.0441666666666667,-0.00416666666666667,-0.32416666666666666,-0.07500000000000001,0.6566666666666667,0.07083333333333333,0.07583333333333335,-0.015,-0.6683333333333334,-0.022500000000000003,-0.5275000000000001,-0.07833333333333334,-0.7075,-0.1175,-0.4566666666666666,-0.2041666666666667,-0.13833333333333334,0.06999999999999999,-0.015000000000000008,0.027499999999999997,-0.5766666666666668
2022,-0.1875,-1.1616666666666666,0.10916666666666668,0.5774999999999999,0.11083333333333333,0.4483333333333333,0.1416666666666667,2.3425,0.07833333333333334,0.4041666666666666,0.08083333333333333,0.33499999999999996,-0.021666666666666667,0.9400000000000001,-0.145,-1.2933333333333334,-0.14833333333333332,-0.7749999999999999,0.19083333333333333,-0.02166666666666663,0.1875,0.135,0.013333333333333334,-1.3975,0.006666666666666668,0.5291666666666667,0.08166666666666668,0.4925000000000001
2023,0.3066666666666667,0.5816666666666667,-0.0725,0.8108333333333332,-0.06583333333333334,0.8183333333333335,-0.24083333333333332,1.6183333333333334,-0.345,-1.6508333333333332,-0.06,1.4441666666666666,-0.07916666666666666,0.5416666666666666,0.14916666666666667,-1.0866666666666667,0.055833333333333325,-1.2841666666666665,-0.028333333333333335,1.22,-0.029166666666666664,1.1849999999999998,0.19166666666666665,0.3958333333333333,0.023333333333333334,0.7100000000000001,0.009166666666666668,1.475833333333333
2024,-0.1625,0.6316666666666667,-0.28500000000000003,-0.3941666666666666,-0.07833333333333332,-0.2841666666666667,-0.165,-1.1791666666666667,0.05416666666666666,-3.035833333333333,-0.18333333333333335,-1.4149999999999998,-0.025833333333333333,-0.007499999999999997,0.1275,0.5183333333333333,0.12166666666666666,-0.35000000000000003,-0.12666666666666668,-0.2658333333333333,-0.1275,0.24083333333333345,-0.051666666666666666,0.7583333333333334,-0.06166666666666667,0.19666666666666668,-0.13,0.09583333333333331
2025,-0.08749999999999998,-0.7883333333333334,-0.013333333333333327,-0.7000000000000001,0.037500000000000006,-0.8091666666666667,-0.011666666666666667,-2.3966666666666665,0.23333333333333336,-1.02,0.023333333333333334,-1.7883333333333333,1.1564823173178713e-18,-0.7016666666666667,-0.14833333333333334,0.42333333333333334,-0.0325,-0.4133333333333334,-0.005,-0.7266666666666667,-0.04833333333333332,-1.01,-0.09749999999999999,0.029166666666666664,-0.0775,-0.6716666666666667,-0.019999999999999993,-1.0766666666666669
