year,fertility,fertility_detrended
2000,1.54,
2001,1.57,0.030000000000000027
2002,1.65,0.07999999999999985
2003,1.71,0.06000000000000005
2004,1.75,0.040000000000000036
2005,1.77,0.020000000000000018
2006,1.85,0.08000000000000007
2007,1.88,0.029999999999999805
2008,1.91,0.030000000000000027
2009,1.93,0.020000000000000018
2010,1.98,0.050000000000000044
2011,1.9,-0.08000000000000007
2012,1.9,0.0
2013,1.89,-0.010000000000000009
2014,1.88,-0.010000000000000009
2015,1.85,-0.029999999999999805
2016,1.85,0.0
2017,1.78,-0.07000000000000006
2018,1.75,-0.030000000000000027
2019,1.7,-0.050000000000000044
2020,1.66,-0.040000000000000036
2021,1.67,0.010000000000000009
2022,1.52,-0.1499999999999999
2023,1.45,-0.07000000000000006
2024,1.43,-0.020000000000000018
2025,1.42,-0.010000000000000009
