Kommunkod,Kommun,ar,fruktsamhet,befolkningstathet,folkmangd,riket_fruktsamhet,skillnad_mot_riket,fruktsamhet_foregaende_ar,forandring_fruktsamhet,befolkningstathet_2003,kommuntyp,bnp_lag0,konsumtion_lag0,sysselsattning_lag0,bnp_lag1,konsumtion_lag1,sysselsattning_lag1,bnp_lag2,konsumtion_lag2,sysselsattning_lag2,saknade_variabler
0512,Ydre,2004,2.44,5.7,3894.0,1.75,0.69,,,5.8,Lägre täthet,-0.25916666666666666,-0.9291666666666667,-0.9958333333333335,-0.9249999999999999,-0.5533333333333333,-0.11666666666666665,-0.42333333333333334,-0.24416666666666667,0.5091666666666667,forandring_fruktsamhet
0512,Ydre,2008,,5.5,3726.0,1.91,,2.89,,5.8,Lägre täthet,1.0658333333333334,0.4875,1.9508333333333334,2.3575,1.9375,1.6058333333333332,1.4233333333333336,0.8574999999999999,-0.19833333333333333,forandring_fruktsamhet
0512,Ydre,2009,2.24,5.4,3672.0,1.93,0.3100000000000003,,,5.8,Lägre täthet,-2.1366666666666667,-1.0866666666666667,-1.05,1.0658333333333334,0.4875,1.9508333333333334,2.3575,1.9375,1.6058333333333332,forandring_fruktsamhet
0512,Ydre,2011,,5.4,3666.0,1.9,,2.3,,5.8,Lägre täthet,0.41333333333333333,-0.6366666666666667,-0.1425,-0.37916666666666665,-0.21083333333333332,-1.3558333333333332,-2.1366666666666667,-1.0866666666666667,-1.05,forandring_fruktsamhet
0512,Ydre,2012,2.12,5.3,3612.0,1.9,0.2200000000000002,,,5.8,Lägre täthet,-0.7425,-1.0841666666666667,-0.4825,0.41333333333333333,-0.6366666666666667,-0.1425,-0.37916666666666665,-0.21083333333333332,-1.3558333333333332,forandring_fruktsamhet
0512,Ydre,2018,,5.5,3743.0,1.75,,2.55,,5.8,Lägre täthet,0.2175,1.3341666666666667,1.51,0.4375,0.9533333333333335,1.0916666666666666,0.2975,0.9516666666666667,-0.009999999999999995,forandring_fruktsamhet
0512,Ydre,2019,2.67,5.5,3747.0,1.7,0.97,,,5.8,Lägre täthet,0.8725,0.8916666666666666,1.1458333333333333,0.2175,1.3341666666666667,1.51,0.4375,0.9533333333333335,1.0916666666666666,forandring_fruktsamhet
0512,Ydre,2022,,5.5,3683.0,1.52,,2.63,,5.8,Lägre täthet,0.7241666666666666,1.1608333333333334,0.7216666666666667,0.6733333333333333,0.5850000000000001,-1.2891666666666668,-0.19000000000000003,0.4575,-0.5591666666666667,forandring_fruktsamhet
0512,Ydre,2023,,5.4,3637.0,1.45,,,,5.8,Lägre täthet,-0.46416666666666667,-1.6825,0.6383333333333333,0.7241666666666666,1.1608333333333334,0.7216666666666667,0.6733333333333333,0.5850000000000001,-1.2891666666666668,forandring_fruktsamhet
0512,Ydre,2024,,5.3,3626.0,1.43,,,,5.8,Lägre täthet,-0.7466666666666667,-1.6958333333333335,-0.18083333333333332,-0.46416666666666667,-1.6825,0.6383333333333333,0.7241666666666666,1.1608333333333334,0.7216666666666667,forandring_fruktsamhet
0512,Ydre,2025,,5.3,3619.0,1.42,,,,5.8,Lägre täthet,-0.3766666666666667,-0.3625,-0.8041666666666667,-0.7466666666666667,-1.6958333333333335,-0.18083333333333332,-0.46416666666666667,-1.6825,0.6383333333333333,forandring_fruktsamhet
1438,Dals-Ed,2023,,6.4,4606.0,1.45,,1.55,,6.9,Lägre täthet,-0.46416666666666667,-1.6825,0.6383333333333333,0.7241666666666666,1.1608333333333334,0.7216666666666667,0.6733333333333333,0.5850000000000001,-1.2891666666666668,forandring_fruktsamhet
1438,Dals-Ed,2024,1.82,6.3,4606.0,1.43,0.3900000000000001,,,6.9,Lägre täthet,-0.7466666666666667,-1.6958333333333335,-0.18083333333333332,-0.46416666666666667,-1.6825,0.6383333333333333,0.7241666666666666,1.1608333333333334,0.7216666666666667,forandring_fruktsamhet
1447,Gullspång,2015,,16.6,5229.0,1.85,,2.15,,18.1,Lägre täthet,0.18166666666666667,-0.2041666666666667,-0.3025,-1.0725,-0.8116666666666666,-0.4041666666666666,-1.345,-1.0008333333333332,-0.7158333333333333,forandring_fruktsamhet
1447,Gullspång,2016,2.31,16.8,5307.0,1.85,0.45999999999999996,,,18.1,Lägre täthet,0.2975,0.9516666666666667,-0.009999999999999995,0.18166666666666667,-0.2041666666666667,-0.3025,-1.0725,-0.8116666666666666,-0.4041666666666666,forandring_fruktsamhet
1447,Gullspång,2024,,15.8,5031.0,1.43,,1.89,,18.1,Lägre täthet,-0.7466666666666667,-1.6958333333333335,-0.18083333333333332,-0.46416666666666667,-1.6825,0.6383333333333333,0.7241666666666666,1.1608333333333334,0.7216666666666667,forandring_fruktsamhet
1447,Gullspång,2025,,15.6,4949.0,1.42,,,,18.1,Lägre täthet,-0.3766666666666667,-0.3625,-0.8041666666666667,-0.7466666666666667,-1.6958333333333335,-0.18083333333333332,-0.46416666666666667,-1.6825,0.6383333333333333,forandring_fruktsamhet
1760,Storfors,2011,,10.8,4218.0,1.9,,2.55,,11.6,Lägre täthet,0.41333333333333333,-0.6366666666666667,-0.1425,-0.37916666666666665,-0.21083333333333332,-1.3558333333333332,-2.1366666666666667,-1.0866666666666667,-1.05,forandring_fruktsamhet
1760,Storfors,2012,2.52,10.6,4150.0,1.9,0.6200000000000001,,,11.6,Lägre täthet,-0.7425,-1.0841666666666667,-0.4825,0.41333333333333333,-0.6366666666666667,-0.1425,-0.37916666666666665,-0.21083333333333332,-1.3558333333333332,forandring_fruktsamhet
1760,Storfors,2015,,10.3,4032.0,1.85,,2.47,,11.6,Lägre täthet,0.18166666666666667,-0.2041666666666667,-0.3025,-1.0725,-0.8116666666666666,-0.4041666666666666,-1.345,-1.0008333333333332,-0.7158333333333333,forandring_fruktsamhet
1760,Storfors,2016,1.84,10.3,4046.0,1.85,-0.010000000000000009,,,11.6,Lägre täthet,0.2975,0.9516666666666667,-0.009999999999999995,0.18166666666666667,-0.2041666666666667,-0.3025,-1.0725,-0.8116666666666666,-0.4041666666666666,forandring_fruktsamhet
1760,Storfors,2022,,9.9,3882.0,1.52,,1.98,,11.6,Lägre täthet,0.7241666666666666,1.1608333333333334,0.7216666666666667,0.6733333333333333,0.5850000000000001,-1.2891666666666668,-0.19000000000000003,0.4575,-0.5591666666666667,forandring_fruktsamhet
1760,Storfors,2023,1.85,9.7,3801.0,1.45,0.40000000000000013,,,11.6,Lägre täthet,-0.46416666666666667,-1.6825,0.6383333333333333,0.7241666666666666,1.1608333333333334,0.7216666666666667,0.6733333333333333,0.5850000000000001,-1.2891666666666668,forandring_fruktsamhet
1760,Storfors,2024,,9.6,3788.0,1.43,,1.85,,11.6,Lägre täthet,-0.7466666666666667,-1.6958333333333335,-0.18083333333333332,-0.46416666666666667,-1.6825,0.6383333333333333,0.7241666666666666,1.1608333333333334,0.7216666666666667,forandring_fruktsamhet
1760,Storfors,2025,,9.6,3777.0,1.42,,,,11.6,Lägre täthet,-0.3766666666666667,-0.3625,-0.8041666666666667,-0.7466666666666667,-1.6958333333333335,-0.18083333333333332,-0.46416666666666667,-1.6825,0.6383333333333333,forandring_fruktsamhet
1762,Munkfors,2007,,27.3,3880.0,1.88,,1.79,,28.6,Högre täthet,2.3575,1.9375,1.6058333333333332,1.4233333333333336,0.8574999999999999,-0.19833333333333333,0.215,-0.1225,-1.2933333333333332,forandring_fruktsamhet
1762,Munkfors,2008,,26.8,3814.0,1.91,,,,28.6,Högre täthet,1.0658333333333334,0.4875,1.9508333333333334,2.3575,1.9375,1.6058333333333332,1.4233333333333336,0.8574999999999999,-0.19833333333333333,forandring_fruktsamhet
1762,Munkfors,2009,2.55,26.6,3793.0,1.93,0.6199999999999999,,,28.6,Högre täthet,-2.1366666666666667,-1.0866666666666667,-1.05,1.0658333333333334,0.4875,1.9508333333333334,2.3575,1.9375,1.6058333333333332,forandring_fruktsamhet
1762,Munkfors,2011,,26.1,3702.0,1.9,,2.05,,28.6,Högre täthet,0.41333333333333333,-0.6366666666666667,-0.1425,-0.37916666666666665,-0.21083333333333332,-1.3558333333333332,-2.1366666666666667,-1.0866666666666667,-1.05,forandring_fruktsamhet
1762,Munkfors,2012,,25.7,3642.0,1.9,,,,28.6,Högre täthet,-0.7425,-1.0841666666666667,-0.4825,0.41333333333333333,-0.6366666666666667,-0.1425,-0.37916666666666665,-0.21083333333333332,-1.3558333333333332,forandring_fruktsamhet
1762,Munkfors,2013,,25.8,3656.0,1.89,,,,28.6,Högre täthet,-1.345,-1.0008333333333332,-0.7158333333333333,-0.7425,-1.0841666666666667,-0.4825,0.41333333333333333,-0.6366666666666667,-0.1425,forandring_fruktsamhet
1762,Munkfors,2014,1.89,25.8,3656.0,1.88,0.010000000000000009,,,28.6,Högre täthet,-1.0725,-0.8116666666666666,-0.4041666666666666,-1.345,-1.0008333333333332,-0.7158333333333333,-0.7425,-1.0841666666666667,-0.4825,forandring_fruktsamhet
1762,Munkfors,2015,,25.9,3663.0,1.85,,1.89,,28.6,Högre täthet,0.18166666666666667,-0.2041666666666667,-0.3025,-1.0725,-0.8116666666666666,-0.4041666666666666,-1.345,-1.0008333333333332,-0.7158333333333333,forandring_fruktsamhet
1762,Munkfors,2016,,26.4,3738.0,1.85,,,,28.6,Högre täthet,0.2975,0.9516666666666667,-0.009999999999999995,0.18166666666666667,-0.2041666666666667,-0.3025,-1.0725,-0.8116666666666666,-0.4041666666666666,forandring_fruktsamhet
1762,Munkfors,2017,2.33,26.6,3763.0,1.78,0.55,,,28.6,Högre täthet,0.4375,0.9533333333333335,1.0916666666666666,0.2975,0.9516666666666667,-0.009999999999999995,0.18166666666666667,-0.2041666666666667,-0.3025,forandring_fruktsamhet
1762,Munkfors,2018,,26.8,3789.0,1.75,,2.33,,28.6,Högre täthet,0.2175,1.3341666666666667,1.51,0.4375,0.9533333333333335,1.0916666666666666,0.2975,0.9516666666666667,-0.009999999999999995,forandring_fruktsamhet
1762,Munkfors,2019,1.93,26.4,3740.0,1.7,0.22999999999999998,,,28.6,Högre täthet,0.8725,0.8916666666666666,1.1458333333333333,0.2175,1.3341666666666667,1.51,0.4375,0.9533333333333335,1.0916666666666666,forandring_fruktsamhet
1762,Munkfors,2020,,26.3,3725.0,1.66,,1.93,,28.6,Högre täthet,-0.19000000000000003,0.4575,-0.5591666666666667,0.8725,0.8916666666666666,1.1458333333333333,0.2175,1.3341666666666667,1.51,forandring_fruktsamhet
1762,Munkfors,2021,1.92,26.0,3680.0,1.67,0.25,,,28.6,Högre täthet,0.6733333333333333,0.5850000000000001,-1.2891666666666668,-0.19000000000000003,0.4575,-0.5591666666666667,0.8725,0.8916666666666666,1.1458333333333333,forandring_fruktsamhet
1762,Munkfors,2022,,26.1,3701.0,1.52,,1.92,,28.6,Högre täthet,0.7241666666666666,1.1608333333333334,0.7216666666666667,0.6733333333333333,0.5850000000000001,-1.2891666666666668,-0.19000000000000003,0.4575,-0.5591666666666667,forandring_fruktsamhet
1762,Munkfors,2023,,25.9,3669.0,1.45,,,,28.6,Högre täthet,-0.46416666666666667,-1.6825,0.6383333333333333,0.7241666666666666,1.1608333333333334,0.7216666666666667,0.6733333333333333,0.5850000000000001,-1.2891666666666668,forandring_fruktsamhet
1762,Munkfors,2024,,25.5,3625.0,1.43,,,,28.6,Högre täthet,-0.7466666666666667,-1.6958333333333335,-0.18083333333333332,-0.46416666666666667,-1.6825,0.6383333333333333,0.7241666666666666,1.1608333333333334,0.7216666666666667,forandring_fruktsamhet
1762,Munkfors,2025,2.05,25.6,3637.0,1.42,0.6299999999999999,,,28.6,Högre täthet,-0.3766666666666667,-0.3625,-0.8041666666666667,-0.7466666666666667,-1.6958333333333335,-0.18083333333333332,-0.46416666666666667,-1.6825,0.6383333333333333,forandring_fruktsamhet
1860,Laxå,2023,,9.1,5497.0,1.45,,1.78,,10.5,Lägre täthet,-0.46416666666666667,-1.6825,0.6383333333333333,0.7241666666666666,1.1608333333333334,0.7216666666666667,0.6733333333333333,0.5850000000000001,-1.2891666666666668,forandring_fruktsamhet
1860,Laxå,2024,1.78,9.0,5423.0,1.43,0.3500000000000001,,,10.5,Lägre täthet,-0.7466666666666667,-1.6958333333333335,-0.18083333333333332,-0.46416666666666667,-1.6825,0.6383333333333333,0.7241666666666666,1.1608333333333334,0.7216666666666667,forandring_fruktsamhet
1860,Laxå,2025,,8.9,5397.0,1.42,,1.78,,10.5,Lägre täthet,-0.3766666666666667,-0.3625,-0.8041666666666667,-0.7466666666666667,-1.6958333333333335,-0.18083333333333332,-0.46416666666666667,-1.6825,0.6383333333333333,forandring_fruktsamhet
1864,Ljusnarsberg,2008,,8.9,5129.0,1.91,,1.76,,9.4,Lägre täthet,1.0658333333333334,0.4875,1.9508333333333334,2.3575,1.9375,1.6058333333333332,1.4233333333333336,0.8574999999999999,-0.19833333333333333,forandring_fruktsamhet
1864,Ljusnarsberg,2009,,8.7,5055.0,1.93,,,,9.4,Lägre täthet,-2.1366666666666667,-1.0866666666666667,-1.05,1.0658333333333334,0.4875,1.9508333333333334,2.3575,1.9375,1.6058333333333332,forandring_fruktsamhet
1864,Ljusnarsberg,2010,1.8,8.5,4931.0,1.98,-0.17999999999999994,,,9.4,Lägre täthet,-0.37916666666666665,-0.21083333333333332,-1.3558333333333332,-2.1366666666666667,-1.0866666666666667,-1.05,1.0658333333333334,0.4875,1.9508333333333334,forandring_fruktsamhet
1864,Ljusnarsberg,2012,,8.4,4848.0,1.9,,2.19,,9.4,Lägre täthet,-0.7425,-1.0841666666666667,-0.4825,0.41333333333333333,-0.6366666666666667,-0.1425,-0.37916666666666665,-0.21083333333333332,-1.3558333333333332,forandring_fruktsamhet
1864,Ljusnarsberg,2013,2.12,8.5,4875.0,1.89,0.2300000000000002,,,9.4,Lägre täthet,-1.345,-1.0008333333333332,-0.7158333333333333,-0.7425,-1.0841666666666667,-0.4825,0.41333333333333333,-0.6366666666666667,-0.1425,forandring_fruktsamhet
1864,Ljusnarsberg,2024,,7.6,4369.0,1.43,,1.79,,9.4,Lägre täthet,-0.7466666666666667,-1.6958333333333335,-0.18083333333333332,-0.46416666666666667,-1.6825,0.6383333333333333,0.7241666666666666,1.1608333333333334,0.7216666666666667,forandring_fruktsamhet
1864,Ljusnarsberg,2025,,7.4,4290.0,1.42,,,,9.4,Lägre täthet,-0.3766666666666667,-0.3625,-0.8041666666666667,-0.7466666666666667,-1.6958333333333335,-0.18083333333333332,-0.46416666666666667,-1.6825,0.6383333333333333,forandring_fruktsamhet
1904,Skinnskatteberg,2011,,6.7,4412.0,1.9,,2.13,,7.3,Lägre täthet,0.41333333333333333,-0.6366666666666667,-0.1425,-0.37916666666666665,-0.21083333333333332,-1.3558333333333332,-2.1366666666666667,-1.0866666666666667,-1.05,forandring_fruktsamhet
1904,Skinnskatteberg,2012,2.18,6.6,4392.0,1.9,0.28000000000000025,,,7.3,Lägre täthet,-0.7425,-1.0841666666666667,-0.4825,0.41333333333333333,-0.6366666666666667,-0.1425,-0.37916666666666665,-0.21083333333333332,-1.3558333333333332,forandring_fruktsamhet
1904,Skinnskatteberg,2021,,6.6,4371.0,1.67,,1.81,,7.3,Lägre täthet,0.6733333333333333,0.5850000000000001,-1.2891666666666668,-0.19000000000000003,0.4575,-0.5591666666666667,0.8725,0.8916666666666666,1.1458333333333333,forandring_fruktsamhet
1904,Skinnskatteberg,2022,1.87,6.7,4402.0,1.52,0.3500000000000001,,,7.3,Lägre täthet,0.7241666666666666,1.1608333333333334,0.7216666666666667,0.6733333333333333,0.5850000000000001,-1.2891666666666668,-0.19000000000000003,0.4575,-0.5591666666666667,forandring_fruktsamhet
1904,Skinnskatteberg,2023,,6.6,4348.0,1.45,,1.87,,7.3,Lägre täthet,-0.46416666666666667,-1.6825,0.6383333333333333,0.7241666666666666,1.1608333333333334,0.7216666666666667,0.6733333333333333,0.5850000000000001,-1.2891666666666668,forandring_fruktsamhet
1904,Skinnskatteberg,2024,,6.4,4256.0,1.43,,,,7.3,Lägre täthet,-0.7466666666666667,-1.6958333333333335,-0.18083333333333332,-0.46416666666666667,-1.6825,0.6383333333333333,0.7241666666666666,1.1608333333333334,0.7216666666666667,forandring_fruktsamhet
1904,Skinnskatteberg,2025,,6.4,4234.0,1.42,,,,7.3,Lägre täthet,-0.3766666666666667,-0.3625,-0.8041666666666667,-0.7466666666666667,-1.6958333333333335,-0.18083333333333332,-0.46416666666666667,-1.6825,0.6383333333333333,forandring_fruktsamhet
2303,Ragunda,2024,,2.0,5146.0,1.43,,1.98,,2.4,Lägre täthet,-0.7466666666666667,-1.6958333333333335,-0.18083333333333332,-0.46416666666666667,-1.6825,0.6383333333333333,0.7241666666666666,1.1608333333333334,0.7216666666666667,forandring_fruktsamhet
2303,Ragunda,2025,1.4,2.0,5152.0,1.42,-0.020000000000000018,,,2.4,Lägre täthet,-0.3766666666666667,-0.3625,-0.8041666666666667,-0.7466666666666667,-1.6958333333333335,-0.18083333333333332,-0.46416666666666667,-1.6825,0.6383333333333333,forandring_fruktsamhet
2305,Bräcke,2025,,1.7,5950.0,1.42,,1.55,,2.1,Lägre täthet,-0.3766666666666667,-0.3625,-0.8041666666666667,-0.7466666666666667,-1.6958333333333335,-0.18083333333333332,-0.46416666666666667,-1.6825,0.6383333333333333,forandring_fruktsamhet
2403,Bjurholm,2004,,2.0,2588.0,1.75,,,,2.0,Lägre täthet,-0.25916666666666666,-0.9291666666666667,-0.9958333333333335,-0.9249999999999999,-0.5533333333333333,-0.11666666666666665,-0.42333333333333334,-0.24416666666666667,0.5091666666666667,forandring_fruktsamhet
2403,Bjurholm,2005,,1.9,2553.0,1.77,,,,2.0,Lägre täthet,0.215,-0.1225,-1.2933333333333332,-0.25916666666666666,-0.9291666666666667,-0.9958333333333335,-0.9249999999999999,-0.5533333333333333,-0.11666666666666665,forandring_fruktsamhet
2403,Bjurholm,2006,,1.9,2541.0,1.85,,,,2.0,Lägre täthet,1.4233333333333336,0.8574999999999999,-0.19833333333333333,0.215,-0.1225,-1.2933333333333332,-0.25916666666666666,-0.9291666666666667,-0.9958333333333335,forandring_fruktsamhet
2403,Bjurholm,2007,,1.9,2549.0,1.88,,,,2.0,Lägre täthet,2.3575,1.9375,1.6058333333333332,1.4233333333333336,0.8574999999999999,-0.19833333333333333,0.215,-0.1225,-1.2933333333333332,forandring_fruktsamhet
2403,Bjurholm,2008,,1.9,2516.0,1.91,,,,2.0,Lägre täthet,1.0658333333333334,0.4875,1.9508333333333334,2.3575,1.9375,1.6058333333333332,1.4233333333333336,0.8574999999999999,-0.19833333333333333,forandring_fruktsamhet
2403,Bjurholm,2009,,1.9,2500.0,1.93,,,,2.0,Lägre täthet,-2.1366666666666667,-1.0866666666666667,-1.05,1.0658333333333334,0.4875,1.9508333333333334,2.3575,1.9375,1.6058333333333332,forandring_fruktsamhet
2403,Bjurholm,2010,,1.9,2460.0,1.98,,,,2.0,Lägre täthet,-0.37916666666666665,-0.21083333333333332,-1.3558333333333332,-2.1366666666666667,-1.0866666666666667,-1.05,1.0658333333333334,0.4875,1.9508333333333334,forandring_fruktsamhet
2403,Bjurholm,2011,,1.9,2431.0,1.9,,,,2.0,Lägre täthet,0.41333333333333333,-0.6366666666666667,-0.1425,-0.37916666666666665,-0.21083333333333332,-1.3558333333333332,-2.1366666666666667,-1.0866666666666667,-1.05,forandring_fruktsamhet
2403,Bjurholm,2012,,1.8,2421.0,1.9,,,,2.0,Lägre täthet,-0.7425,-1.0841666666666667,-0.4825,0.41333333333333333,-0.6366666666666667,-0.1425,-0.37916666666666665,-0.21083333333333332,-1.3558333333333332,forandring_fruktsamhet
2403,Bjurholm,2013,,1.9,2436.0,1.89,,,,2.0,Lägre täthet,-1.345,-1.0008333333333332,-0.7158333333333333,-0.7425,-1.0841666666666667,-0.4825,0.41333333333333333,-0.6366666666666667,-0.1425,forandring_fruktsamhet
2403,Bjurholm,2014,,1.9,2451.0,1.88,,,,2.0,Lägre täthet,-1.0725,-0.8116666666666666,-0.4041666666666666,-1.345,-1.0008333333333332,-0.7158333333333333,-0.7425,-1.0841666666666667,-0.4825,forandring_fruktsamhet
2403,Bjurholm,2015,,1.9,2453.0,1.85,,,,2.0,Lägre täthet,0.18166666666666667,-0.2041666666666667,-0.3025,-1.0725,-0.8116666666666666,-0.4041666666666666,-1.345,-1.0008333333333332,-0.7158333333333333,forandring_fruktsamhet
2403,Bjurholm,2016,,1.9,2454.0,1.85,,,,2.0,Lägre täthet,0.2975,0.9516666666666667,-0.009999999999999995,0.18166666666666667,-0.2041666666666667,-0.3025,-1.0725,-0.8116666666666666,-0.4041666666666666,forandring_fruktsamhet
2403,Bjurholm,2017,,1.9,2451.0,1.78,,,,2.0,Lägre täthet,0.4375,0.9533333333333335,1.0916666666666666,0.2975,0.9516666666666667,-0.009999999999999995,0.18166666666666667,-0.2041666666666667,-0.3025,forandring_fruktsamhet
2403,Bjurholm,2018,,1.9,2450.0,1.75,,,,2.0,Lägre täthet,0.2175,1.3341666666666667,1.51,0.4375,0.9533333333333335,1.0916666666666666,0.2975,0.9516666666666667,-0.009999999999999995,forandring_fruktsamhet
2403,Bjurholm,2019,,1.8,2408.0,1.7,,,,2.0,Lägre täthet,0.8725,0.8916666666666666,1.1458333333333333,0.2175,1.3341666666666667,1.51,0.4375,0.9533333333333335,1.0916666666666666,forandring_fruktsamhet
2403,Bjurholm,2020,,1.8,2387.0,1.66,,,,2.0,Lägre täthet,-0.19000000000000003,0.4575,-0.5591666666666667,0.8725,0.8916666666666666,1.1458333333333333,0.2175,1.3341666666666667,1.51,forandring_fruktsamhet
2403,Bjurholm,2021,,1.8,2395.0,1.67,,,,2.0,Lägre täthet,0.6733333333333333,0.5850000000000001,-1.2891666666666668,-0.19000000000000003,0.4575,-0.5591666666666667,0.8725,0.8916666666666666,1.1458333333333333,forandring_fruktsamhet
2403,Bjurholm,2022,,1.8,2372.0,1.52,,,,2.0,Lägre täthet,0.7241666666666666,1.1608333333333334,0.7216666666666667,0.6733333333333333,0.5850000000000001,-1.2891666666666668,-0.19000000000000003,0.4575,-0.5591666666666667,forandring_fruktsamhet
2403,Bjurholm,2023,,1.8,2348.0,1.45,,,,2.0,Lägre täthet,-0.46416666666666667,-1.6825,0.6383333333333333,0.7241666666666666,1.1608333333333334,0.7216666666666667,0.6733333333333333,0.5850000000000001,-1.2891666666666668,forandring_fruktsamhet
2403,Bjurholm,2024,,1.8,2359.0,1.43,,,,2.0,Lägre täthet,-0.7466666666666667,-1.6958333333333335,-0.18083333333333332,-0.46416666666666667,-1.6825,0.6383333333333333,0.7241666666666666,1.1608333333333334,0.7216666666666667,forandring_fruktsamhet
2403,Bjurholm,2025,,1.8,2327.0,1.42,,,,2.0,Lägre täthet,-0.3766666666666667,-0.3625,-0.8041666666666667,-0.7466666666666667,-1.6958333333333335,-0.18083333333333332,-0.46416666666666667,-1.6825,0.6383333333333333,forandring_fruktsamhet
2417,Norsjö,2023,,2.3,3924.0,1.45,,1.83,,2.6,Lägre täthet,-0.46416666666666667,-1.6825,0.6383333333333333,0.7241666666666666,1.1608333333333334,0.7216666666666667,0.6733333333333333,0.5850000000000001,-1.2891666666666668,forandring_fruktsamhet
2417,Norsjö,2024,1.88,2.3,3968.0,1.43,0.44999999999999996,,,2.6,Lägre täthet,-0.7466666666666667,-1.6958333333333335,-0.18083333333333332,-0.46416666666666667,-1.6825,0.6383333333333333,0.7241666666666666,1.1608333333333334,0.7216666666666667,forandring_fruktsamhet
2417,Norsjö,2025,,2.2,3811.0,1.42,,1.88,,2.6,Lägre täthet,-0.3766666666666667,-0.3625,-0.8041666666666667,-0.7466666666666667,-1.6958333333333335,-0.18083333333333332,-0.46416666666666667,-1.6825,0.6383333333333333,forandring_fruktsamhet
2418,Malå,2005,,2.1,3421.0,1.77,,3.15,,2.2,Lägre täthet,0.215,-0.1225,-1.2933333333333332,-0.25916666666666666,-0.9291666666666667,-0.9958333333333335,-0.9249999999999999,-0.5533333333333333,-0.11666666666666665,forandring_fruktsamhet
2418,Malå,2006,,2.1,3348.0,1.85,,,,2.2,Lägre täthet,1.4233333333333336,0.8574999999999999,-0.19833333333333333,0.215,-0.1225,-1.2933333333333332,-0.25916666666666666,-0.9291666666666667,-0.9958333333333335,forandring_fruktsamhet
2418,Malå,2007,,2.1,3338.0,1.88,,,,2.2,Lägre täthet,2.3575,1.9375,1.6058333333333332,1.4233333333333336,0.8574999999999999,-0.19833333333333333,0.215,-0.1225,-1.2933333333333332,forandring_fruktsamhet
2418,Malå,2008,2.34,2.1,3369.0,1.91,0.42999999999999994,,,2.2,Lägre täthet,1.0658333333333334,0.4875,1.9508333333333334,2.3575,1.9375,1.6058333333333332,1.4233333333333336,0.8574999999999999,-0.19833333333333333,forandring_fruktsamhet
2418,Malå,2009,,2.0,3295.0,1.93,,2.34,,2.2,Lägre täthet,-2.1366666666666667,-1.0866666666666667,-1.05,1.0658333333333334,0.4875,1.9508333333333334,2.3575,1.9375,1.6058333333333332,forandring_fruktsamhet
2418,Malå,2010,2.4,2.0,3274.0,1.98,0.41999999999999993,,,2.2,Lägre täthet,-0.37916666666666665,-0.21083333333333332,-1.3558333333333332,-2.1366666666666667,-1.0866666666666667,-1.05,1.0658333333333334,0.4875,1.9508333333333334,forandring_fruktsamhet
2418,Malå,2013,,2.0,3155.0,1.89,,2.7,,2.2,Lägre täthet,-1.345,-1.0008333333333332,-0.7158333333333333,-0.7425,-1.0841666666666667,-0.4825,0.41333333333333333,-0.6366666666666667,-0.1425,forandring_fruktsamhet
2418,Malå,2014,,1.9,3115.0,1.88,,,,2.2,Lägre täthet,-1.0725,-0.8116666666666666,-0.4041666666666666,-1.345,-1.0008333333333332,-0.7158333333333333,-0.7425,-1.0841666666666667,-0.4825,forandring_fruktsamhet
2418,Malå,2015,,1.9,3109.0,1.85,,,,2.2,Lägre täthet,0.18166666666666667,-0.2041666666666667,-0.3025,-1.0725,-0.8116666666666666,-0.4041666666666666,-1.345,-1.0008333333333332,-0.7158333333333333,forandring_fruktsamhet
2418,Malå,2016,2.58,1.9,3100.0,1.85,0.73,,,2.2,Lägre täthet,0.2975,0.9516666666666667,-0.009999999999999995,0.18166666666666667,-0.2041666666666667,-0.3025,-1.0725,-0.8116666666666666,-0.4041666666666666,forandring_fruktsamhet
2418,Malå,2019,,1.9,3068.0,1.7,,2.18,,2.2,Lägre täthet,0.8725,0.8916666666666666,1.1458333333333333,0.2175,1.3341666666666667,1.51,0.4375,0.9533333333333335,1.0916666666666666,forandring_fruktsamhet
2418,Malå,2020,2.7,1.9,3024.0,1.66,1.0400000000000003,,,2.2,Lägre täthet,-0.19000000000000003,0.4575,-0.5591666666666667,0.8725,0.8916666666666666,1.1458333333333333,0.2175,1.3341666666666667,1.51,forandring_fruktsamhet
2418,Malå,2022,,1.9,3033.0,1.52,,2.25,,2.2,Lägre täthet,0.7241666666666666,1.1608333333333334,0.7216666666666667,0.6733333333333333,0.5850000000000001,-1.2891666666666668,-0.19000000000000003,0.4575,-0.5591666666666667,forandring_fruktsamhet
2418,Malå,2023,2.32,1.9,2990.0,1.45,0.8699999999999999,,,2.2,Lägre täthet,-0.46416666666666667,-1.6825,0.6383333333333333,0.7241666666666666,1.1608333333333334,0.7216666666666667,0.6733333333333333,0.5850000000000001,-1.2891666666666668,forandring_fruktsamhet
2418,Malå,2024,,1.8,2962.0,1.43,,2.32,,2.2,Lägre täthet,-0.7466666666666667,-1.6958333333333335,-0.18083333333333332,-0.46416666666666667,-1.6825,0.6383333333333333,0.7241666666666666,1.1608333333333334,0.7216666666666667,forandring_fruktsamhet
2418,Malå,2025,,1.8,2902.0,1.42,,,,2.2,Lägre täthet,-0.3766666666666667,-0.3625,-0.8041666666666667,-0.7466666666666667,-1.6958333333333335,-0.18083333333333332,-0.46416666666666667,-1.6825,0.6383333333333333,forandring_fruktsamhet
2422,Sorsele,2004,,0.4,2957.0,1.75,,2.54,,0.4,Lägre täthet,-0.25916666666666666,-0.9291666666666667,-0.9958333333333335,-0.9249999999999999,-0.5533333333333333,-0.11666666666666665,-0.42333333333333334,-0.24416666666666667,0.5091666666666667,forandring_fruktsamhet
2422,Sorsele,2005,,0.4,2905.0,1.77,,,,0.4,Lägre täthet,0.215,-0.1225,-1.2933333333333332,-0.25916666666666666,-0.9291666666666667,-0.9958333333333335,-0.9249999999999999,-0.5533333333333333,-0.11666666666666665,forandring_fruktsamhet
2422,Sorsele,2006,,0.4,2867.0,1.85,,,,0.4,Lägre täthet,1.4233333333333336,0.8574999999999999,-0.19833333333333333,0.215,-0.1225,-1.2933333333333332,-0.25916666666666666,-0.9291666666666667,-0.9958333333333335,forandring_fruktsamhet
2422,Sorsele,2007,,0.4,2811.0,1.88,,,,0.4,Lägre täthet,2.3575,1.9375,1.6058333333333332,1.4233333333333336,0.8574999999999999,-0.19833333333333333,0.215,-0.1225,-1.2933333333333332,forandring_fruktsamhet
2422,Sorsele,2008,,0.4,2733.0,1.91,,,,0.4,Lägre täthet,1.0658333333333334,0.4875,1.9508333333333334,2.3575,1.9375,1.6058333333333332,1.4233333333333336,0.8574999999999999,-0.19833333333333333,forandring_fruktsamhet
2422,Sorsele,2009,,0.4,2743.0,1.93,,,,0.4,Lägre täthet,-2.1366666666666667,-1.0866666666666667,-1.05,1.0658333333333334,0.4875,1.9508333333333334,2.3575,1.9375,1.6058333333333332,forandring_fruktsamhet
2422,Sorsele,2010,,0.4,2736.0,1.98,,,,0.4,Lägre täthet,-0.37916666666666665,-0.21083333333333332,-1.3558333333333332,-2.1366666666666667,-1.0866666666666667,-1.05,1.0658333333333334,0.4875,1.9508333333333334,forandring_fruktsamhet
2422,Sorsele,2011,,0.4,2729.0,1.9,,,,0.4,Lägre täthet,0.41333333333333333,-0.6366666666666667,-0.1425,-0.37916666666666665,-0.21083333333333332,-1.3558333333333332,-2.1366666666666667,-1.0866666666666667,-1.05,forandring_fruktsamhet
2422,Sorsele,2012,,0.3,2673.0,1.9,,,,0.4,Lägre täthet,-0.7425,-1.0841666666666667,-0.4825,0.41333333333333333,-0.6366666666666667,-0.1425,-0.37916666666666665,-0.21083333333333332,-1.3558333333333332,forandring_fruktsamhet
2422,Sorsele,2013,2.57,0.4,2595.0,1.89,0.6799999999999999,,,0.4,Lägre täthet,-1.345,-1.0008333333333332,-0.7158333333333333,-0.7425,-1.0841666666666667,-0.4825,0.41333333333333333,-0.6366666666666667,-0.1425,forandring_fruktsamhet
2422,Sorsele,2014,,0.3,2565.0,1.88,,2.57,,0.4,Lägre täthet,-1.0725,-0.8116666666666666,-0.4041666666666666,-1.345,-1.0008333333333332,-0.7158333333333333,-0.7425,-1.0841666666666667,-0.4825,forandring_fruktsamhet
2422,Sorsele,2015,,0.3,2516.0,1.85,,,,0.4,Lägre täthet,0.18166666666666667,-0.2041666666666667,-0.3025,-1.0725,-0.8116666666666666,-0.4041666666666666,-1.345,-1.0008333333333332,-0.7158333333333333,forandring_fruktsamhet
2422,Sorsele,2016,,0.3,2535.0,1.85,,,,0.4,Lägre täthet,0.2975,0.9516666666666667,-0.009999999999999995,0.18166666666666667,-0.2041666666666667,-0.3025,-1.0725,-0.8116666666666666,-0.4041666666666666,forandring_fruktsamhet
2422,Sorsele,2017,,0.3,2516.0,1.78,,,,0.4,Lägre täthet,0.4375,0.9533333333333335,1.0916666666666666,0.2975,0.9516666666666667,-0.009999999999999995,0.18166666666666667,-0.2041666666666667,-0.3025,forandring_fruktsamhet
2422,Sorsele,2018,,0.3,2522.0,1.75,,,,0.4,Lägre täthet,0.2175,1.3341666666666667,1.51,0.4375,0.9533333333333335,1.0916666666666666,0.2975,0.9516666666666667,-0.009999999999999995,forandring_fruktsamhet
2422,Sorsele,2019,,0.3,2489.0,1.7,,,,0.4,Lägre täthet,0.8725,0.8916666666666666,1.1458333333333333,0.2175,1.3341666666666667,1.51,0.4375,0.9533333333333335,1.0916666666666666,forandring_fruktsamhet
2422,Sorsele,2020,,0.3,2442.0,1.66,,,,0.4,Lägre täthet,-0.19000000000000003,0.4575,-0.5591666666666667,0.8725,0.8916666666666666,1.1458333333333333,0.2175,1.3341666666666667,1.51,forandring_fruktsamhet
2422,Sorsele,2021,,0.3,2460.0,1.67,,,,0.4,Lägre täthet,0.6733333333333333,0.5850000000000001,-1.2891666666666668,-0.19000000000000003,0.4575,-0.5591666666666667,0.8725,0.8916666666666666,1.1458333333333333,forandring_fruktsamhet
2422,Sorsele,2022,,0.3,2436.0,1.52,,,,0.4,Lägre täthet,0.7241666666666666,1.1608333333333334,0.7216666666666667,0.6733333333333333,0.5850000000000001,-1.2891666666666668,-0.19000000000000003,0.4575,-0.5591666666666667,forandring_fruktsamhet
2422,Sorsele,2023,,0.3,2387.0,1.45,,,,0.4,Lägre täthet,-0.46416666666666667,-1.6825,0.6383333333333333,0.7241666666666666,1.1608333333333334,0.7216666666666667,0.6733333333333333,0.5850000000000001,-1.2891666666666668,forandring_fruktsamhet
2422,Sorsele,2024,,0.3,2357.0,1.43,,,,0.4,Lägre täthet,-0.7466666666666667,-1.6958333333333335,-0.18083333333333332,-0.46416666666666667,-1.6825,0.6383333333333333,0.7241666666666666,1.1608333333333334,0.7216666666666667,forandring_fruktsamhet
2422,Sorsele,2025,,0.3,2362.0,1.42,,,,0.4,Lägre täthet,-0.3766666666666667,-0.3625,-0.8041666666666667,-0.7466666666666667,-1.6958333333333335,-0.18083333333333332,-0.46416666666666667,-1.6825,0.6383333333333333,forandring_fruktsamhet
2425,Dorotea,2004,,1.1,3156.0,1.75,,,,1.2,Lägre täthet,-0.25916666666666666,-0.9291666666666667,-0.9958333333333335,-0.9249999999999999,-0.5533333333333333,-0.11666666666666665,-0.42333333333333334,-0.24416666666666667,0.5091666666666667,forandring_fruktsamhet
2425,Dorotea,2005,,1.1,3082.0,1.77,,,,1.2,Lägre täthet,0.215,-0.1225,-1.2933333333333332,-0.25916666666666666,-0.9291666666666667,-0.9958333333333335,-0.9249999999999999,-0.5533333333333333,-0.11666666666666665,forandring_fruktsamhet
2425,Dorotea,2006,2.93,1.1,3069.0,1.85,1.08,,,1.2,Lägre täthet,1.4233333333333336,0.8574999999999999,-0.19833333333333333,0.215,-0.1225,-1.2933333333333332,-0.25916666666666666,-0.9291666666666667,-0.9958333333333335,forandring_fruktsamhet
2425,Dorotea,2007,,1.1,2993.0,1.88,,2.93,,1.2,Lägre täthet,2.3575,1.9375,1.6058333333333332,1.4233333333333336,0.8574999999999999,-0.19833333333333333,0.215,-0.1225,-1.2933333333333332,forandring_fruktsamhet
2425,Dorotea,2008,,1.0,2914.0,1.91,,,,1.2,Lägre täthet,1.0658333333333334,0.4875,1.9508333333333334,2.3575,1.9375,1.6058333333333332,1.4233333333333336,0.8574999999999999,-0.19833333333333333,forandring_fruktsamhet
2425,Dorotea,2009,,1.0,2900.0,1.93,,,,1.2,Lägre täthet,-2.1366666666666667,-1.0866666666666667,-1.05,1.0658333333333334,0.4875,1.9508333333333334,2.3575,1.9375,1.6058333333333332,forandring_fruktsamhet
2425,Dorotea,2010,,1.0,2878.0,1.98,,,,1.2,Lägre täthet,-0.37916666666666665,-0.21083333333333332,-1.3558333333333332,-2.1366666666666667,-1.0866666666666667,-1.05,1.0658333333333334,0.4875,1.9508333333333334,forandring_fruktsamhet
2425,Dorotea,2011,,1.0,2862.0,1.9,,,,1.2,Lägre täthet,0.41333333333333333,-0.6366666666666667,-0.1425,-0.37916666666666665,-0.21083333333333332,-1.3558333333333332,-2.1366666666666667,-1.0866666666666667,-1.05,forandring_fruktsamhet
2425,Dorotea,2012,,1.0,2794.0,1.9,,,,1.2,Lägre täthet,-0.7425,-1.0841666666666667,-0.4825,0.41333333333333333,-0.6366666666666667,-0.1425,-0.37916666666666665,-0.21083333333333332,-1.3558333333333332,forandring_fruktsamhet
2425,Dorotea,2013,,1.0,2757.0,1.89,,,,1.2,Lägre täthet,-1.345,-1.0008333333333332,-0.7158333333333333,-0.7425,-1.0841666666666667,-0.4825,0.41333333333333333,-0.6366666666666667,-0.1425,forandring_fruktsamhet
2425,Dorotea,2014,,1.0,2757.0,1.88,,,,1.2,Lägre täthet,-1.0725,-0.8116666666666666,-0.4041666666666666,-1.345,-1.0008333333333332,-0.7158333333333333,-0.7425,-1.0841666666666667,-0.4825,forandring_fruktsamhet
2425,Dorotea,2015,,1.0,2740.0,1.85,,,,1.2,Lägre täthet,0.18166666666666667,-0.2041666666666667,-0.3025,-1.0725,-0.8116666666666666,-0.4041666666666666,-1.345,-1.0008333333333332,-0.7158333333333333,forandring_fruktsamhet
2425,Dorotea,2016,,1.0,2719.0,1.85,,,,1.2,Lägre täthet,0.2975,0.9516666666666667,-0.009999999999999995,0.18166666666666667,-0.2041666666666667,-0.3025,-1.0725,-0.8116666666666666,-0.4041666666666666,forandring_fruktsamhet
2425,Dorotea,2017,,1.0,2646.0,1.78,,,,1.2,Lägre täthet,0.4375,0.9533333333333335,1.0916666666666666,0.2975,0.9516666666666667,-0.009999999999999995,0.18166666666666667,-0.2041666666666667,-0.3025,forandring_fruktsamhet
2425,Dorotea,2018,,0.9,2568.0,1.75,,,,1.2,Lägre täthet,0.2175,1.3341666666666667,1.51,0.4375,0.9533333333333335,1.0916666666666666,0.2975,0.9516666666666667,-0.009999999999999995,forandring_fruktsamhet
2425,Dorotea,2019,,0.9,2551.0,1.7,,,,1.2,Lägre täthet,0.8725,0.8916666666666666,1.1458333333333333,0.2175,1.3341666666666667,1.51,0.4375,0.9533333333333335,1.0916666666666666,forandring_fruktsamhet
2425,Dorotea,2020,,0.9,2498.0,1.66,,,,1.2,Lägre täthet,-0.19000000000000003,0.4575,-0.5591666666666667,0.8725,0.8916666666666666,1.1458333333333333,0.2175,1.3341666666666667,1.51,forandring_fruktsamhet
2425,Dorotea,2021,,0.9,2459.0,1.67,,,,1.2,Lägre täthet,0.6733333333333333,0.5850000000000001,-1.2891666666666668,-0.19000000000000003,0.4575,-0.5591666666666667,0.8725,0.8916666666666666,1.1458333333333333,forandring_fruktsamhet
2425,Dorotea,2022,,0.9,2413.0,1.52,,,,1.2,Lägre täthet,0.7241666666666666,1.1608333333333334,0.7216666666666667,0.6733333333333333,0.5850000000000001,-1.2891666666666668,-0.19000000000000003,0.4575,-0.5591666666666667,forandring_fruktsamhet
2425,Dorotea,2023,,0.8,2339.0,1.45,,,,1.2,Lägre täthet,-0.46416666666666667,-1.6825,0.6383333333333333,0.7241666666666666,1.1608333333333334,0.7216666666666667,0.6733333333333333,0.5850000000000001,-1.2891666666666668,forandring_fruktsamhet
2425,Dorotea,2024,,0.8,2294.0,1.43,,,,1.2,Lägre täthet,-0.7466666666666667,-1.6958333333333335,-0.18083333333333332,-0.46416666666666667,-1.6825,0.6383333333333333,0.7241666666666666,1.1608333333333334,0.7216666666666667,forandring_fruktsamhet
2425,Dorotea,2025,,0.8,2241.0,1.42,,,,1.2,Lägre täthet,-0.3766666666666667,-0.3625,-0.8041666666666667,-0.7466666666666667,-1.6958333333333335,-0.18083333333333332,-0.46416666666666667,-1.6825,0.6383333333333333,forandring_fruktsamhet
2463,Åsele,2004,,0.8,3375.0,1.75,,2.83,,0.8,Lägre täthet,-0.25916666666666666,-0.9291666666666667,-0.9958333333333335,-0.9249999999999999,-0.5533333333333333,-0.11666666666666665,-0.42333333333333334,-0.24416666666666667,0.5091666666666667,forandring_fruktsamhet
2463,Åsele,2005,2.51,0.8,3322.0,1.77,0.7399999999999998,,,0.8,Lägre täthet,0.215,-0.1225,-1.2933333333333332,-0.25916666666666666,-0.9291666666666667,-0.9958333333333335,-0.9249999999999999,-0.5533333333333333,-0.11666666666666665,forandring_fruktsamhet
2463,Åsele,2006,,0.8,3271.0,1.85,,2.51,,0.8,Lägre täthet,1.4233333333333336,0.8574999999999999,-0.19833333333333333,0.215,-0.1225,-1.2933333333333332,-0.25916666666666666,-0.9291666666666667,-0.9958333333333335,forandring_fruktsamhet
2463,Åsele,2007,2.51,0.8,3265.0,1.88,0.6299999999999999,,,0.8,Lägre täthet,2.3575,1.9375,1.6058333333333332,1.4233333333333336,0.8574999999999999,-0.19833333333333333,0.215,-0.1225,-1.2933333333333332,forandring_fruktsamhet
2463,Åsele,2008,,0.7,3180.0,1.91,,2.51,,0.8,Lägre täthet,1.0658333333333334,0.4875,1.9508333333333334,2.3575,1.9375,1.6058333333333332,1.4233333333333336,0.8574999999999999,-0.19833333333333333,forandring_fruktsamhet
2463,Åsele,2009,,0.7,3133.0,1.93,,,,0.8,Lägre täthet,-2.1366666666666667,-1.0866666666666667,-1.05,1.0658333333333334,0.4875,1.9508333333333334,2.3575,1.9375,1.6058333333333332,forandring_fruktsamhet
2463,Åsele,2010,,0.7,3039.0,1.98,,,,0.8,Lägre täthet,-0.37916666666666665,-0.21083333333333332,-1.3558333333333332,-2.1366666666666667,-1.0866666666666667,-1.05,1.0658333333333334,0.4875,1.9508333333333334,forandring_fruktsamhet
2463,Åsele,2011,,0.7,3007.0,1.9,,,,0.8,Lägre täthet,0.41333333333333333,-0.6366666666666667,-0.1425,-0.37916666666666665,-0.21083333333333332,-1.3558333333333332,-2.1366666666666667,-1.0866666666666667,-1.05,forandring_fruktsamhet
2463,Åsele,2012,,0.7,2958.0,1.9,,,,0.8,Lägre täthet,-0.7425,-1.0841666666666667,-0.4825,0.41333333333333333,-0.6366666666666667,-0.1425,-0.37916666666666665,-0.21083333333333332,-1.3558333333333332,forandring_fruktsamhet
2463,Åsele,2013,,0.7,2875.0,1.89,,,,0.8,Lägre täthet,-1.345,-1.0008333333333332,-0.7158333333333333,-0.7425,-1.0841666666666667,-0.4825,0.41333333333333333,-0.6366666666666667,-0.1425,forandring_fruktsamhet
2463,Åsele,2014,,0.7,2838.0,1.88,,,,0.8,Lägre täthet,-1.0725,-0.8116666666666666,-0.4041666666666666,-1.345,-1.0008333333333332,-0.7158333333333333,-0.7425,-1.0841666666666667,-0.4825,forandring_fruktsamhet
2463,Åsele,2015,,0.7,2832.0,1.85,,,,0.8,Lägre täthet,0.18166666666666667,-0.2041666666666667,-0.3025,-1.0725,-0.8116666666666666,-0.4041666666666666,-1.345,-1.0008333333333332,-0.7158333333333333,forandring_fruktsamhet
2463,Åsele,2016,,0.7,2875.0,1.85,,,,0.8,Lägre täthet,0.2975,0.9516666666666667,-0.009999999999999995,0.18166666666666667,-0.2041666666666667,-0.3025,-1.0725,-0.8116666666666666,-0.4041666666666666,forandring_fruktsamhet
2463,Åsele,2017,2.53,0.7,2809.0,1.78,0.7499999999999998,,,0.8,Lägre täthet,0.4375,0.9533333333333335,1.0916666666666666,0.2975,0.9516666666666667,-0.009999999999999995,0.18166666666666667,-0.2041666666666667,-0.3025,forandring_fruktsamhet
2463,Åsele,2018,,0.7,2819.0,1.75,,2.53,,0.8,Lägre täthet,0.2175,1.3341666666666667,1.51,0.4375,0.9533333333333335,1.0916666666666666,0.2975,0.9516666666666667,-0.009999999999999995,forandring_fruktsamhet
2463,Åsele,2019,,0.7,2794.0,1.7,,,,0.8,Lägre täthet,0.8725,0.8916666666666666,1.1458333333333333,0.2175,1.3341666666666667,1.51,0.4375,0.9533333333333335,1.0916666666666666,forandring_fruktsamhet
2463,Åsele,2020,,0.7,2805.0,1.66,,,,0.8,Lägre täthet,-0.19000000000000003,0.4575,-0.5591666666666667,0.8725,0.8916666666666666,1.1458333333333333,0.2175,1.3341666666666667,1.51,forandring_fruktsamhet
2463,Åsele,2021,,0.7,2807.0,1.67,,,,0.8,Lägre täthet,0.6733333333333333,0.5850000000000001,-1.2891666666666668,-0.19000000000000003,0.4575,-0.5591666666666667,0.8725,0.8916666666666666,1.1458333333333333,forandring_fruktsamhet
2463,Åsele,2022,,0.7,2782.0,1.52,,,,0.8,Lägre täthet,0.7241666666666666,1.1608333333333334,0.7216666666666667,0.6733333333333333,0.5850000000000001,-1.2891666666666668,-0.19000000000000003,0.4575,-0.5591666666666667,forandring_fruktsamhet
2463,Åsele,2023,,0.6,2718.0,1.45,,,,0.8,Lägre täthet,-0.46416666666666667,-1.6825,0.6383333333333333,0.7241666666666666,1.1608333333333334,0.7216666666666667,0.6733333333333333,0.5850000000000001,-1.2891666666666668,forandring_fruktsamhet
2463,Åsele,2024,,0.6,2694.0,1.43,,,,0.8,Lägre täthet,-0.7466666666666667,-1.6958333333333335,-0.18083333333333332,-0.46416666666666667,-1.6825,0.6383333333333333,0.7241666666666666,1.1608333333333334,0.7216666666666667,forandring_fruktsamhet
2463,Åsele,2025,,0.6,2683.0,1.42,,,,0.8,Lägre täthet,-0.3766666666666667,-0.3625,-0.8041666666666667,-0.7466666666666667,-1.6958333333333335,-0.18083333333333332,-0.46416666666666667,-1.6825,0.6383333333333333,forandring_fruktsamhet
2506,Arjeplog,2004,,0.3,3224.0,1.75,,,,0.3,Lägre täthet,-0.25916666666666666,-0.9291666666666667,-0.9958333333333335,-0.9249999999999999,-0.5533333333333333,-0.11666666666666665,-0.42333333333333334,-0.24416666666666667,0.5091666666666667,forandring_fruktsamhet
2506,Arjeplog,2005,,0.2,3159.0,1.77,,,,0.3,Lägre täthet,0.215,-0.1225,-1.2933333333333332,-0.25916666666666666,-0.9291666666666667,-0.9958333333333335,-0.9249999999999999,-0.5533333333333333,-0.11666666666666665,forandring_fruktsamhet
2506,Arjeplog,2006,,0.2,3151.0,1.85,,,,0.3,Lägre täthet,1.4233333333333336,0.8574999999999999,-0.19833333333333333,0.215,-0.1225,-1.2933333333333332,-0.25916666666666666,-0.9291666666666667,-0.9958333333333335,forandring_fruktsamhet
2506,Arjeplog,2007,,0.2,3089.0,1.88,,,,0.3,Lägre täthet,2.3575,1.9375,1.6058333333333332,1.4233333333333336,0.8574999999999999,-0.19833333333333333,0.215,-0.1225,-1.2933333333333332,forandring_fruktsamhet
2506,Arjeplog,2008,,0.2,3146.0,1.91,,,,0.3,Lägre täthet,1.0658333333333334,0.4875,1.9508333333333334,2.3575,1.9375,1.6058333333333332,1.4233333333333336,0.8574999999999999,-0.19833333333333333,forandring_fruktsamhet
2506,Arjeplog,2009,,0.2,3143.0,1.93,,,,0.3,Lägre täthet,-2.1366666666666667,-1.0866666666666667,-1.05,1.0658333333333334,0.4875,1.9508333333333334,2.3575,1.9375,1.6058333333333332,forandring_fruktsamhet
2506,Arjeplog,2010,2.22,0.2,3161.0,1.98,0.2400000000000002,,,0.3,Lägre täthet,-0.37916666666666665,-0.21083333333333332,-1.3558333333333332,-2.1366666666666667,-1.0866666666666667,-1.05,1.0658333333333334,0.4875,1.9508333333333334,forandring_fruktsamhet
2506,Arjeplog,2013,,0.2,2980.0,1.89,,2.17,,0.3,Lägre täthet,-1.345,-1.0008333333333332,-0.7158333333333333,-0.7425,-1.0841666666666667,-0.4825,0.41333333333333333,-0.6366666666666667,-0.1425,forandring_fruktsamhet
2506,Arjeplog,2014,,0.2,2907.0,1.88,,,,0.3,Lägre täthet,-1.0725,-0.8116666666666666,-0.4041666666666666,-1.345,-1.0008333333333332,-0.7158333333333333,-0.7425,-1.0841666666666667,-0.4825,forandring_fruktsamhet
2506,Arjeplog,2015,,0.2,2887.0,1.85,,,,0.3,Lägre täthet,0.18166666666666667,-0.2041666666666667,-0.3025,-1.0725,-0.8116666666666666,-0.4041666666666666,-1.345,-1.0008333333333332,-0.7158333333333333,forandring_fruktsamhet
2506,Arjeplog,2016,,0.2,2876.0,1.85,,,,0.3,Lägre täthet,0.2975,0.9516666666666667,-0.009999999999999995,0.18166666666666667,-0.2041666666666667,-0.3025,-1.0725,-0.8116666666666666,-0.4041666666666666,forandring_fruktsamhet
2506,Arjeplog,2017,,0.2,2821.0,1.78,,,,0.3,Lägre täthet,0.4375,0.9533333333333335,1.0916666666666666,0.2975,0.9516666666666667,-0.009999999999999995,0.18166666666666667,-0.2041666666666667,-0.3025,forandring_fruktsamhet
2506,Arjeplog,2018,,0.2,2794.0,1.75,,,,0.3,Lägre täthet,0.2175,1.3341666666666667,1.51,0.4375,0.9533333333333335,1.0916666666666666,0.2975,0.9516666666666667,-0.009999999999999995,forandring_fruktsamhet
2506,Arjeplog,2019,2.47,0.2,2785.0,1.7,0.7700000000000002,,,0.3,Lägre täthet,0.8725,0.8916666666666666,1.1458333333333333,0.2175,1.3341666666666667,1.51,0.4375,0.9533333333333335,1.0916666666666666,forandring_fruktsamhet
2506,Arjeplog,2020,,0.2,2718.0,1.66,,2.47,,0.3,Lägre täthet,-0.19000000000000003,0.4575,-0.5591666666666667,0.8725,0.8916666666666666,1.1458333333333333,0.2175,1.3341666666666667,1.51,forandring_fruktsamhet
2506,Arjeplog,2021,,0.2,2707.0,1.67,,,,0.3,Lägre täthet,0.6733333333333333,0.5850000000000001,-1.2891666666666668,-0.19000000000000003,0.4575,-0.5591666666666667,0.8725,0.8916666666666666,1.1458333333333333,forandring_fruktsamhet
2506,Arjeplog,2022,,0.2,2667.0,1.52,,,,0.3,Lägre täthet,0.7241666666666666,1.1608333333333334,0.7216666666666667,0.6733333333333333,0.5850000000000001,-1.2891666666666668,-0.19000000000000003,0.4575,-0.5591666666666667,forandring_fruktsamhet
2506,Arjeplog,2023,,0.2,2609.0,1.45,,,,0.3,Lägre täthet,-0.46416666666666667,-1.6825,0.6383333333333333,0.7241666666666666,1.1608333333333334,0.7216666666666667,0.6733333333333333,0.5850000000000001,-1.2891666666666668,forandring_fruktsamhet
2506,Arjeplog,2024,,0.2,2599.0,1.43,,,,0.3,Lägre täthet,-0.7466666666666667,-1.6958333333333335,-0.18083333333333332,-0.46416666666666667,-1.6825,0.6383333333333333,0.7241666666666666,1.1608333333333334,0.7216666666666667,forandring_fruktsamhet
2506,Arjeplog,2025,,0.2,2570.0,1.42,,,,0.3,Lägre täthet,-0.3766666666666667,-0.3625,-0.8041666666666667,-0.7466666666666667,-1.6958333333333335,-0.18083333333333332,-0.46416666666666667,-1.6825,0.6383333333333333,forandring_fruktsamhet
2513,Överkalix,2004,,1.4,3933.0,1.75,,,,1.4,Lägre täthet,-0.25916666666666666,-0.9291666666666667,-0.9958333333333335,-0.9249999999999999,-0.5533333333333333,-0.11666666666666665,-0.42333333333333334,-0.24416666666666667,0.5091666666666667,forandring_fruktsamhet
2513,Överkalix,2005,,1.4,3872.0,1.77,,,,1.4,Lägre täthet,0.215,-0.1225,-1.2933333333333332,-0.25916666666666666,-0.9291666666666667,-0.9958333333333335,-0.9249999999999999,-0.5533333333333333,-0.11666666666666665,forandring_fruktsamhet
2513,Överkalix,2006,,1.4,3859.0,1.85,,,,1.4,Lägre täthet,1.4233333333333336,0.8574999999999999,-0.19833333333333333,0.215,-0.1225,-1.2933333333333332,-0.25916666666666666,-0.9291666666666667,-0.9958333333333335,forandring_fruktsamhet
2513,Överkalix,2007,,1.4,3795.0,1.88,,,,1.4,Lägre täthet,2.3575,1.9375,1.6058333333333332,1.4233333333333336,0.8574999999999999,-0.19833333333333333,0.215,-0.1225,-1.2933333333333332,forandring_fruktsamhet
2513,Överkalix,2008,,1.3,3715.0,1.91,,,,1.4,Lägre täthet,1.0658333333333334,0.4875,1.9508333333333334,2.3575,1.9375,1.6058333333333332,1.4233333333333336,0.8574999999999999,-0.19833333333333333,forandring_fruktsamhet
2513,Överkalix,2009,,1.3,3670.0,1.93,,,,1.4,Lägre täthet,-2.1366666666666667,-1.0866666666666667,-1.05,1.0658333333333334,0.4875,1.9508333333333334,2.3575,1.9375,1.6058333333333332,forandring_fruktsamhet
2513,Överkalix,2010,,1.3,3611.0,1.98,,,,1.4,Lägre täthet,-0.37916666666666665,-0.21083333333333332,-1.3558333333333332,-2.1366666666666667,-1.0866666666666667,-1.05,1.0658333333333334,0.4875,1.9508333333333334,forandring_fruktsamhet
2513,Överkalix,2011,,1.3,3549.0,1.9,,,,1.4,Lägre täthet,0.41333333333333333,-0.6366666666666667,-0.1425,-0.37916666666666665,-0.21083333333333332,-1.3558333333333332,-2.1366666666666667,-1.0866666666666667,-1.05,forandring_fruktsamhet
2513,Överkalix,2012,,1.2,3497.0,1.9,,,,1.4,Lägre täthet,-0.7425,-1.0841666666666667,-0.4825,0.41333333333333333,-0.6366666666666667,-0.1425,-0.37916666666666665,-0.21083333333333332,-1.3558333333333332,forandring_fruktsamhet
2513,Överkalix,2013,,1.2,3436.0,1.89,,,,1.4,Lägre täthet,-1.345,-1.0008333333333332,-0.7158333333333333,-0.7425,-1.0841666666666667,-0.4825,0.41333333333333333,-0.6366666666666667,-0.1425,forandring_fruktsamhet
2513,Överkalix,2014,,1.2,3409.0,1.88,,,,1.4,Lägre täthet,-1.0725,-0.8116666666666666,-0.4041666666666666,-1.345,-1.0008333333333332,-0.7158333333333333,-0.7425,-1.0841666666666667,-0.4825,forandring_fruktsamhet
2513,Överkalix,2015,,1.2,3395.0,1.85,,,,1.4,Lägre täthet,0.18166666666666667,-0.2041666666666667,-0.3025,-1.0725,-0.8116666666666666,-0.4041666666666666,-1.345,-1.0008333333333332,-0.7158333333333333,forandring_fruktsamhet
2513,Överkalix,2016,2.28,1.2,3378.0,1.85,0.4299999999999997,,,1.4,Lägre täthet,0.2975,0.9516666666666667,-0.009999999999999995,0.18166666666666667,-0.2041666666666667,-0.3025,-1.0725,-0.8116666666666666,-0.4041666666666666,forandring_fruktsamhet
2513,Överkalix,2017,,1.2,3367.0,1.78,,2.28,,1.4,Lägre täthet,0.4375,0.9533333333333335,1.0916666666666666,0.2975,0.9516666666666667,-0.009999999999999995,0.18166666666666667,-0.2041666666666667,-0.3025,forandring_fruktsamhet
2513,Överkalix,2018,2.39,1.2,3302.0,1.75,0.6400000000000001,,,1.4,Lägre täthet,0.2175,1.3341666666666667,1.51,0.4375,0.9533333333333335,1.0916666666666666,0.2975,0.9516666666666667,-0.009999999999999995,forandring_fruktsamhet
2513,Överkalix,2019,,1.2,3315.0,1.7,,2.39,,1.4,Lägre täthet,0.8725,0.8916666666666666,1.1458333333333333,0.2175,1.3341666666666667,1.51,0.4375,0.9533333333333335,1.0916666666666666,forandring_fruktsamhet
2513,Överkalix,2020,,1.2,3289.0,1.66,,,,1.4,Lägre täthet,-0.19000000000000003,0.4575,-0.5591666666666667,0.8725,0.8916666666666666,1.1458333333333333,0.2175,1.3341666666666667,1.51,forandring_fruktsamhet
2513,Överkalix,2021,,1.2,3252.0,1.67,,,,1.4,Lägre täthet,0.6733333333333333,0.5850000000000001,-1.2891666666666668,-0.19000000000000003,0.4575,-0.5591666666666667,0.8725,0.8916666666666666,1.1458333333333333,forandring_fruktsamhet
2513,Överkalix,2022,,1.1,3160.0,1.52,,,,1.4,Lägre täthet,0.7241666666666666,1.1608333333333334,0.7216666666666667,0.6733333333333333,0.5850000000000001,-1.2891666666666668,-0.19000000000000003,0.4575,-0.5591666666666667,forandring_fruktsamhet
2513,Överkalix,2023,,1.1,3162.0,1.45,,,,1.4,Lägre täthet,-0.46416666666666667,-1.6825,0.6383333333333333,0.7241666666666666,1.1608333333333334,0.7216666666666667,0.6733333333333333,0.5850000000000001,-1.2891666666666668,forandring_fruktsamhet
2513,Överkalix,2024,,1.1,3201.0,1.43,,,,1.4,Lägre täthet,-0.7466666666666667,-1.6958333333333335,-0.18083333333333332,-0.46416666666666667,-1.6825,0.6383333333333333,0.7241666666666666,1.1608333333333334,0.7216666666666667,forandring_fruktsamhet
2513,Överkalix,2025,,1.1,3183.0,1.42,,,,1.4,Lägre täthet,-0.3766666666666667,-0.3625,-0.8041666666666667,-0.7466666666666667,-1.6958333333333335,-0.18083333333333332,-0.46416666666666667,-1.6825,0.6383333333333333,forandring_fruktsamhet
2518,Övertorneå,2004,,2.2,5244.0,1.75,,2.4,,2.2,Lägre täthet,-0.25916666666666666,-0.9291666666666667,-0.9958333333333335,-0.9249999999999999,-0.5533333333333333,-0.11666666666666665,-0.42333333333333334,-0.24416666666666667,0.5091666666666667,forandring_fruktsamhet
2518,Övertorneå,2005,2.1,2.2,5229.0,1.77,0.33000000000000007,,,2.2,Lägre täthet,0.215,-0.1225,-1.2933333333333332,-0.25916666666666666,-0.9291666666666667,-0.9958333333333335,-0.9249999999999999,-0.5533333333333333,-0.11666666666666665,forandring_fruktsamhet
2518,Övertorneå,2012,,2.0,4772.0,1.9,,2.21,,2.2,Lägre täthet,-0.7425,-1.0841666666666667,-0.4825,0.41333333333333333,-0.6366666666666667,-0.1425,-0.37916666666666665,-0.21083333333333332,-1.3558333333333332,forandring_fruktsamhet
2518,Övertorneå,2013,,2.0,4709.0,1.89,,,,2.2,Lägre täthet,-1.345,-1.0008333333333332,-0.7158333333333333,-0.7425,-1.0841666666666667,-0.4825,0.41333333333333333,-0.6366666666666667,-0.1425,forandring_fruktsamhet
2518,Övertorneå,2014,2.21,2.0,4711.0,1.88,0.33000000000000007,,,2.2,Lägre täthet,-1.0725,-0.8116666666666666,-0.4041666666666666,-1.345,-1.0008333333333332,-0.7158333333333333,-0.7425,-1.0841666666666667,-0.4825,forandring_fruktsamhet
2518,Övertorneå,2015,,1.9,4603.0,1.85,,2.21,,2.2,Lägre täthet,0.18166666666666667,-0.2041666666666667,-0.3025,-1.0725,-0.8116666666666666,-0.4041666666666666,-1.345,-1.0008333333333332,-0.7158333333333333,forandring_fruktsamhet
2518,Övertorneå,2016,1.91,1.9,4534.0,1.85,0.05999999999999983,,,2.2,Lägre täthet,0.2975,0.9516666666666667,-0.009999999999999995,0.18166666666666667,-0.2041666666666667,-0.3025,-1.0725,-0.8116666666666666,-0.4041666666666666,forandring_fruktsamhet
2518,Övertorneå,2017,,1.9,4461.0,1.78,,1.91,,2.2,Lägre täthet,0.4375,0.9533333333333335,1.0916666666666666,0.2975,0.9516666666666667,-0.009999999999999995,0.18166666666666667,-0.2041666666666667,-0.3025,forandring_fruktsamhet
2518,Övertorneå,2018,2.26,1.9,4410.0,1.75,0.5099999999999998,,,2.2,Lägre täthet,0.2175,1.3341666666666667,1.51,0.4375,0.9533333333333335,1.0916666666666666,0.2975,0.9516666666666667,-0.009999999999999995,forandring_fruktsamhet
2518,Övertorneå,2020,,1.8,4217.0,1.66,,2.26,,2.2,Lägre täthet,-0.19000000000000003,0.4575,-0.5591666666666667,0.8725,0.8916666666666666,1.1458333333333333,0.2175,1.3341666666666667,1.51,forandring_fruktsamhet
2518,Övertorneå,2021,2.4,1.8,4211.0,1.67,0.73,,,2.2,Lägre täthet,0.6733333333333333,0.5850000000000001,-1.2891666666666668,-0.19000000000000003,0.4575,-0.5591666666666667,0.8725,0.8916666666666666,1.1458333333333333,forandring_fruktsamhet
2518,Övertorneå,2022,,1.7,4119.0,1.52,,2.4,,2.2,Lägre täthet,0.7241666666666666,1.1608333333333334,0.7216666666666667,0.6733333333333333,0.5850000000000001,-1.2891666666666668,-0.19000000000000003,0.4575,-0.5591666666666667,forandring_fruktsamhet
2518,Övertorneå,2023,2.0,1.7,4088.0,1.45,0.55,,,2.2,Lägre täthet,-0.46416666666666667,-1.6825,0.6383333333333333,0.7241666666666666,1.1608333333333334,0.7216666666666667,0.6733333333333333,0.5850000000000001,-1.2891666666666668,forandring_fruktsamhet
2518,Övertorneå,2024,,1.7,4057.0,1.43,,2.0,,2.2,Lägre täthet,-0.7466666666666667,-1.6958333333333335,-0.18083333333333332,-0.46416666666666667,-1.6825,0.6383333333333333,0.7241666666666666,1.1608333333333334,0.7216666666666667,forandring_fruktsamhet
2518,Övertorneå,2025,,1.7,3995.0,1.42,,,,2.2,Lägre täthet,-0.3766666666666667,-0.3625,-0.8041666666666667,-0.7466666666666667,-1.6958333333333335,-0.18083333333333332,-0.46416666666666667,-1.6825,0.6383333333333333,forandring_fruktsamhet
