indikator,tabellinnehåll,ar,rader,observerade,saknade
Arbetade timmar,Förändring från föregående period,2000,12,0,12
Arbetade timmar,Förändring från föregående period,2001,12,11,1
Arbetade timmar,Förändring från föregående period,2002,12,12,0
Arbetade timmar,Förändring från föregående period,2003,12,12,0
Arbetade timmar,Förändring från föregående period,2004,12,12,0
Arbetade timmar,Förändring från föregående period,2005,12,12,0
Arbetade timmar,Förändring från föregående period,2006,12,12,0
Arbetade timmar,Förändring från föregående period,2007,12,12,0
Arbetade timmar,Förändring från föregående period,2008,12,12,0
Arbetade timmar,Förändring från föregående period,2009,12,12,0
Arbetade timmar,Förändring från föregående period,2010,12,12,0
Arbetade timmar,Förändring från föregående period,2011,12,12,0
Arbetade timmar,Förändring från föregående period,2012,12,12,0
Arbetade timmar,Förändring från föregående period,2013,12,12,0
Arbetade timmar,Förändring från föregående period,2014,12,12,0
Arbetade timmar,Förändring från föregående period,2015,12,12,0
Arbetade timmar,Förändring från föregående period,2016,12,12,0
Arbetade timmar,Förändring från föregående period,2017,12,12,0
Arbetade timmar,Förändring från föregående period,2018,12,12,0
Arbetade timmar,Förändring från föregående period,2019,12,12,0
Arbetade timmar,Förändring från föregående period,2020,12,12,0
Arbetade timmar,Förändring från föregående period,2021,12,12,0
Arbetade timmar,Förändring från föregående period,2022,12,12,0
Arbetade timmar,Förändring från föregående period,2023,12,12,0
Arbetade timmar,Förändring från föregående period,2024,12,12,0
Arbetade timmar,Förändring från föregående period,2025,12,12,0
Arbetade timmar,Förändring från föregående period,2026,8,7,1
Arbetade timmar,Konjunkturläge,2000,12,0,12
Arbetade timmar,Konjunkturläge,2001,12,12,0
Arbetade timmar,Konjunkturläge,2002,12,12,0
Arbetade timmar,Konjunkturläge,2003,12,12,0
Arbetade timmar,Konjunkturläge,2004,12,12,0
Arbetade timmar,Konjunkturläge,2005,12,12,0
Arbetade timmar,Konjunkturläge,2006,12,12,0
Arbetade timmar,Konjunkturläge,2007,12,12,0
Arbetade timmar,Konjunkturläge,2008,12,12,0
Arbetade timmar,Konjunkturläge,2009,12,12,0
Arbetade timmar,Konjunkturläge,2010,12,12,0
Arbetade timmar,Konjunkturläge,2011,12,12,0
Arbetade timmar,Konjunkturläge,2012,12,12,0
Arbetade timmar,Konjunkturläge,2013,12,12,0
Arbetade timmar,Konjunkturläge,2014,12,12,0
Arbetade timmar,Konjunkturläge,2015,12,12,0
Arbetade timmar,Konjunkturläge,2016,12,12,0
Arbetade timmar,Konjunkturläge,2017,12,12,0
Arbetade timmar,Konjunkturläge,2018,12,12,0
Arbetade timmar,Konjunkturläge,2019,12,12,0
Arbetade timmar,Konjunkturläge,2020,12,12,0
Arbetade timmar,Konjunkturläge,2021,12,12,0
Arbetade timmar,Konjunkturläge,2022,12,12,0
Arbetade timmar,Konjunkturläge,2023,12,12,0
Arbetade timmar,Konjunkturläge,2024,12,12,0
Arbetade timmar,Konjunkturläge,2025,12,12,0
Arbetade timmar,Konjunkturläge,2026,8,7,1
BNP kvartal,Förändring från föregående period,2000,12,9,3
BNP kvartal,Förändring från föregående period,2001,12,12,0
BNP kvartal,Förändring från föregående period,2002,12,12,0
BNP kvartal,Förändring från föregående period,2003,12,12,0
BNP kvartal,Förändring från föregående period,2004,12,12,0
BNP kvartal,Förändring från föregående period,2005,12,12,0
BNP kvartal,Förändring från föregående period,2006,12,12,0
BNP kvartal,Förändring från föregående period,2007,12,12,0
BNP kvartal,Förändring från föregående period,2008,12,12,0
BNP kvartal,Förändring från föregående period,2009,12,12,0
BNP kvartal,Förändring från föregående period,2010,12,12,0
BNP kvartal,Förändring från föregående period,2011,12,12,0
BNP kvartal,Förändring från föregående period,2012,12,12,0
BNP kvartal,Förändring från föregående period,2013,12,12,0
BNP kvartal,Förändring från föregående period,2014,12,12,0
BNP kvartal,Förändring från föregående period,2015,12,12,0
BNP kvartal,Förändring från föregående period,2016,12,12,0
BNP kvartal,Förändring från föregående period,2017,12,12,0
BNP kvartal,Förändring från föregående period,2018,12,12,0
BNP kvartal,Förändring från föregående period,2019,12,12,0
BNP kvartal,Förändring från föregående period,2020,12,12,0
BNP kvartal,Förändring från föregående period,2021,12,12,0
BNP kvartal,Förändring från föregående period,2022,12,12,0
BNP kvartal,Förändring från föregående period,2023,12,12,0
BNP kvartal,Förändring från föregående period,2024,12,12,0
BNP kvartal,Förändring från föregående period,2025,12,12,0
BNP kvartal,Förändring från föregående period,2026,8,6,2
BNP kvartal,Konjunkturläge,2000,12,12,0
BNP kvartal,Konjunkturläge,2001,12,12,0
BNP kvartal,Konjunkturläge,2002,12,12,0
BNP kvartal,Konjunkturläge,2003,12,12,0
BNP kvartal,Konjunkturläge,2004,12,12,0
BNP kvartal,Konjunkturläge,2005,12,12,0
BNP kvartal,Konjunkturläge,2006,12,12,0
BNP kvartal,Konjunkturläge,2007,12,12,0
BNP kvartal,Konjunkturläge,2008,12,12,0
BNP kvartal,Konjunkturläge,2009,12,12,0
BNP kvartal,Konjunkturläge,2010,12,12,0
BNP kvartal,Konjunkturläge,2011,12,12,0
BNP kvartal,Konjunkturläge,2012,12,12,0
BNP kvartal,Konjunkturläge,2013,12,12,0
BNP kvartal,Konjunkturläge,2014,12,12,0
BNP kvartal,Konjunkturläge,2015,12,12,0
BNP kvartal,Konjunkturläge,2016,12,12,0
BNP kvartal,Konjunkturläge,2017,12,12,0
BNP kvartal,Konjunkturläge,2018,12,12,0
BNP kvartal,Konjunkturläge,2019,12,12,0
BNP kvartal,Konjunkturläge,2020,12,12,0
BNP kvartal,Konjunkturläge,2021,12,12,0
BNP kvartal,Konjunkturläge,2022,12,12,0
BNP kvartal,Konjunkturläge,2023,12,12,0
BNP kvartal,Konjunkturläge,2024,12,12,0
BNP kvartal,Konjunkturläge,2025,12,12,0
BNP kvartal,Konjunkturläge,2026,8,6,2
BNP-indikator månad,Förändring från föregående period,2000,12,11,1
BNP-indikator månad,Förändring från föregående period,2001,12,12,0
BNP-indikator månad,Förändring från föregående period,2002,12,12,0
BNP-indikator månad,Förändring från föregående period,2003,12,12,0
BNP-indikator månad,Förändring från föregående period,2004,12,12,0
BNP-indikator månad,Förändring från föregående period,2005,12,12,0
BNP-indikator månad,Förändring från föregående period,2006,12,12,0
BNP-indikator månad,Förändring från föregående period,2007,12,12,0
BNP-indikator månad,Förändring från föregående period,2008,12,12,0
BNP-indikator månad,Förändring från föregående period,2009,12,12,0
BNP-indikator månad,Förändring från föregående period,2010,12,12,0
BNP-indikator månad,Förändring från föregående period,2011,12,12,0
BNP-indikator månad,Förändring från föregående period,2012,12,12,0
BNP-indikator månad,Förändring från föregående period,2013,12,12,0
BNP-indikator månad,Förändring från föregående period,2014,12,12,0
BNP-indikator månad,Förändring från föregående period,2015,12,12,0
BNP-indikator månad,Förändring från föregående period,2016,12,12,0
BNP-indikator månad,Förändring från föregående period,2017,12,12,0
BNP-indikator månad,Förändring från föregående period,2018,12,12,0
BNP-indikator månad,Förändring från föregående period,2019,12,12,0
BNP-indikator månad,Förändring från föregående period,2020,12,12,0
BNP-indikator månad,Förändring från föregående period,2021,12,12,0
BNP-indikator månad,Förändring från föregående period,2022,12,12,0
BNP-indikator månad,Förändring från föregående period,2023,12,12,0
BNP-indikator månad,Förändring från föregående period,2024,12,12,0
BNP-indikator månad,Förändring från föregående period,2025,12,12,0
BNP-indikator månad,Förändring från föregående period,2026,8,7,1
BNP-indikator månad,Konjunkturläge,2000,12,12,0
BNP-indikator månad,Konjunkturläge,2001,12,12,0
BNP-indikator månad,Konjunkturläge,2002,12,12,0
BNP-indikator månad,Konjunkturläge,2003,12,12,0
BNP-indikator månad,Konjunkturläge,2004,12,12,0
BNP-indikator månad,Konjunkturläge,2005,12,12,0
BNP-indikator månad,Konjunkturläge,2006,12,12,0
BNP-indikator månad,Konjunkturläge,2007,12,12,0
BNP-indikator månad,Konjunkturläge,2008,12,12,0
BNP-indikator månad,Konjunkturläge,2009,12,12,0
BNP-indikator månad,Konjunkturläge,2010,12,12,0
BNP-indikator månad,Konjunkturläge,2011,12,12,0
BNP-indikator månad,Konjunkturläge,2012,12,12,0
BNP-indikator månad,Konjunkturläge,2013,12,12,0
BNP-indikator månad,Konjunkturläge,2014,12,12,0
BNP-indikator månad,Konjunkturläge,2015,12,12,0
BNP-indikator månad,Konjunkturläge,2016,12,12,0
BNP-indikator månad,Konjunkturläge,2017,12,12,0
BNP-indikator månad,Konjunkturläge,2018,12,12,0
BNP-indikator månad,Konjunkturläge,2019,12,12,0
BNP-indikator månad,Konjunkturläge,2020,12,12,0
BNP-indikator månad,Konjunkturläge,2021,12,12,0
BNP-indikator månad,Konjunkturläge,2022,12,12,0
BNP-indikator månad,Konjunkturläge,2023,12,12,0
BNP-indikator månad,Konjunkturläge,2024,12,12,0
BNP-indikator månad,Konjunkturläge,2025,12,12,0
BNP-indikator månad,Konjunkturläge,2026,8,7,1
Detaljhandel sällanköpsvaror,Förändring från föregående period,2000,12,11,1
Detaljhandel sällanköpsvaror,Förändring från föregående period,2001,12,12,0
Detaljhandel sällanköpsvaror,Förändring från föregående period,2002,12,12,0
Detaljhandel sällanköpsvaror,Förändring från föregående period,2003,12,12,0
Detaljhandel sällanköpsvaror,Förändring från föregående period,2004,12,12,0
Detaljhandel sällanköpsvaror,Förändring från föregående period,2005,12,12,0
Detaljhandel sällanköpsvaror,Förändring från föregående period,2006,12,12,0
Detaljhandel sällanköpsvaror,Förändring från föregående period,2007,12,12,0
Detaljhandel sällanköpsvaror,Förändring från föregående period,2008,12,12,0
Detaljhandel sällanköpsvaror,Förändring från föregående period,2009,12,12,0
Detaljhandel sällanköpsvaror,Förändring från föregående period,2010,12,12,0
Detaljhandel sällanköpsvaror,Förändring från föregående period,2011,12,12,0
Detaljhandel sällanköpsvaror,Förändring från föregående period,2012,12,12,0
Detaljhandel sällanköpsvaror,Förändring från föregående period,2013,12,12,0
Detaljhandel sällanköpsvaror,Förändring från föregående period,2014,12,12,0
Detaljhandel sällanköpsvaror,Förändring från föregående period,2015,12,12,0
Detaljhandel sällanköpsvaror,Förändring från föregående period,2016,12,12,0
Detaljhandel sällanköpsvaror,Förändring från föregående period,2017,12,12,0
Detaljhandel sällanköpsvaror,Förändring från föregående period,2018,12,12,0
Detaljhandel sällanköpsvaror,Förändring från föregående period,2019,12,12,0
Detaljhandel sällanköpsvaror,Förändring från föregående period,2020,12,12,0
Detaljhandel sällanköpsvaror,Förändring från föregående period,2021,12,12,0
Detaljhandel sällanköpsvaror,Förändring från föregående period,2022,12,12,0
Detaljhandel sällanköpsvaror,Förändring från föregående period,2023,12,12,0
Detaljhandel sällanköpsvaror,Förändring från föregående period,2024,12,12,0
Detaljhandel sällanköpsvaror,Förändring från föregående period,2025,12,12,0
Detaljhandel sällanköpsvaror,Förändring från föregående period,2026,8,7,1
Detaljhandel sällanköpsvaror,Konjunkturläge,2000,12,12,0
Detaljhandel sällanköpsvaror,Konjunkturläge,2001,12,12,0
Detaljhandel sällanköpsvaror,Konjunkturläge,2002,12,12,0
Detaljhandel sällanköpsvaror,Konjunkturläge,2003,12,12,0
Detaljhandel sällanköpsvaror,Konjunkturläge,2004,12,12,0
Detaljhandel sällanköpsvaror,Konjunkturläge,2005,12,12,0
Detaljhandel sällanköpsvaror,Konjunkturläge,2006,12,12,0
Detaljhandel sällanköpsvaror,Konjunkturläge,2007,12,12,0
Detaljhandel sällanköpsvaror,Konjunkturläge,2008,12,12,0
Detaljhandel sällanköpsvaror,Konjunkturläge,2009,12,12,0
Detaljhandel sällanköpsvaror,Konjunkturläge,2010,12,12,0
Detaljhandel sällanköpsvaror,Konjunkturläge,2011,12,12,0
Detaljhandel sällanköpsvaror,Konjunkturläge,2012,12,12,0
Detaljhandel sällanköpsvaror,Konjunkturläge,2013,12,12,0
Detaljhandel sällanköpsvaror,Konjunkturläge,2014,12,12,0
Detaljhandel sällanköpsvaror,Konjunkturläge,2015,12,12,0
Detaljhandel sällanköpsvaror,Konjunkturläge,2016,12,12,0
Detaljhandel sällanköpsvaror,Konjunkturläge,2017,12,12,0
Detaljhandel sällanköpsvaror,Konjunkturläge,2018,12,12,0
Detaljhandel sällanköpsvaror,Konjunkturläge,2019,12,12,0
Detaljhandel sällanköpsvaror,Konjunkturläge,2020,12,12,0
Detaljhandel sällanköpsvaror,Konjunkturläge,2021,12,12,0
Detaljhandel sällanköpsvaror,Konjunkturläge,2022,12,12,0
Detaljhandel sällanköpsvaror,Konjunkturläge,2023,12,12,0
Detaljhandel sällanköpsvaror,Konjunkturläge,2024,12,12,0
Detaljhandel sällanköpsvaror,Konjunkturläge,2025,12,12,0
Detaljhandel sällanköpsvaror,Konjunkturläge,2026,8,7,1
Hushållens konfidensindikator,Förändring från föregående period,2000,12,11,1
Hushållens konfidensindikator,Förändring från föregående period,2001,12,12,0
Hushållens konfidensindikator,Förändring från föregående period,2002,12,12,0
Hushållens konfidensindikator,Förändring från föregående period,2003,12,12,0
Hushållens konfidensindikator,Förändring från föregående period,2004,12,12,0
Hushållens konfidensindikator,Förändring från föregående period,2005,12,12,0
Hushållens konfidensindikator,Förändring från föregående period,2006,12,12,0
Hushållens konfidensindikator,Förändring från föregående period,2007,12,12,0
Hushållens konfidensindikator,Förändring från föregående period,2008,12,12,0
Hushållens konfidensindikator,Förändring från föregående period,2009,12,12,0
Hushållens konfidensindikator,Förändring från föregående period,2010,12,12,0
Hushållens konfidensindikator,Förändring från föregående period,2011,12,12,0
Hushållens konfidensindikator,Förändring från föregående period,2012,12,12,0
Hushållens konfidensindikator,Förändring från föregående period,2013,12,12,0
Hushållens konfidensindikator,Förändring från föregående period,2014,12,12,0
Hushållens konfidensindikator,Förändring från föregående period,2015,12,12,0
Hushållens konfidensindikator,Förändring från föregående period,2016,12,12,0
Hushållens konfidensindikator,Förändring från föregående period,2017,12,12,0
Hushållens konfidensindikator,Förändring från föregående period,2018,12,12,0
Hushållens konfidensindikator,Förändring från föregående period,2019,12,12,0
Hushållens konfidensindikator,Förändring från föregående period,2020,12,12,0
Hushållens konfidensindikator,Förändring från föregående period,2021,12,12,0
Hushållens konfidensindikator,Förändring från föregående period,2022,12,12,0
Hushållens konfidensindikator,Förändring från föregående period,2023,12,12,0
Hushållens konfidensindikator,Förändring från föregående period,2024,12,12,0
Hushållens konfidensindikator,Förändring från föregående period,2025,12,12,0
Hushållens konfidensindikator,Förändring från föregående period,2026,8,8,0
Hushållens konfidensindikator,Konjunkturläge,2000,12,12,0
Hushållens konfidensindikator,Konjunkturläge,2001,12,12,0
Hushållens konfidensindikator,Konjunkturläge,2002,12,12,0
Hushållens konfidensindikator,Konjunkturläge,2003,12,12,0
Hushållens konfidensindikator,Konjunkturläge,2004,12,12,0
Hushållens konfidensindikator,Konjunkturläge,2005,12,12,0
Hushållens konfidensindikator,Konjunkturläge,2006,12,12,0
Hushållens konfidensindikator,Konjunkturläge,2007,12,12,0
Hushållens konfidensindikator,Konjunkturläge,2008,12,12,0
Hushållens konfidensindikator,Konjunkturläge,2009,12,12,0
Hushållens konfidensindikator,Konjunkturläge,2010,12,12,0
Hushållens konfidensindikator,Konjunkturläge,2011,12,12,0
Hushållens konfidensindikator,Konjunkturläge,2012,12,12,0
Hushållens konfidensindikator,Konjunkturläge,2013,12,12,0
Hushållens konfidensindikator,Konjunkturläge,2014,12,12,0
Hushållens konfidensindikator,Konjunkturläge,2015,12,12,0
Hushållens konfidensindikator,Konjunkturläge,2016,12,12,0
Hushållens konfidensindikator,Konjunkturläge,2017,12,12,0
Hushållens konfidensindikator,Konjunkturläge,2018,12,12,0
Hushållens konfidensindikator,Konjunkturläge,2019,12,12,0
Hushållens konfidensindikator,Konjunkturläge,2020,12,12,0
Hushållens konfidensindikator,Konjunkturläge,2021,12,12,0
Hushållens konfidensindikator,Konjunkturläge,2022,12,12,0
Hushållens konfidensindikator,Konjunkturläge,2023,12,12,0
Hushållens konfidensindikator,Konjunkturläge,2024,12,12,0
Hushållens konfidensindikator,Konjunkturläge,2025,12,12,0
Hushållens konfidensindikator,Konjunkturläge,2026,8,8,0
Hushållens konsumtion,Förändring från föregående period,2000,12,11,1
Hushållens konsumtion,Förändring från föregående period,2001,12,12,0
Hushållens konsumtion,Förändring från föregående period,2002,12,12,0
Hushållens konsumtion,Förändring från föregående period,2003,12,12,0
Hushållens konsumtion,Förändring från föregående period,2004,12,12,0
Hushållens konsumtion,Förändring från föregående period,2005,12,12,0
Hushållens konsumtion,Förändring från föregående period,2006,12,12,0
Hushållens konsumtion,Förändring från föregående period,2007,12,12,0
Hushållens konsumtion,Förändring från föregående period,2008,12,12,0
Hushållens konsumtion,Förändring från föregående period,2009,12,12,0
Hushållens konsumtion,Förändring från föregående period,2010,12,12,0
Hushållens konsumtion,Förändring från föregående period,2011,12,12,0
Hushållens konsumtion,Förändring från föregående period,2012,12,12,0
Hushållens konsumtion,Förändring från föregående period,2013,12,12,0
Hushållens konsumtion,Förändring från föregående period,2014,12,12,0
Hushållens konsumtion,Förändring från föregående period,2015,12,12,0
Hushållens konsumtion,Förändring från föregående period,2016,12,12,0
Hushållens konsumtion,Förändring från föregående period,2017,12,12,0
Hushållens konsumtion,Förändring från föregående period,2018,12,12,0
Hushållens konsumtion,Förändring från föregående period,2019,12,12,0
Hushållens konsumtion,Förändring från föregående period,2020,12,12,0
Hushållens konsumtion,Förändring från föregående period,2021,12,12,0
Hushållens konsumtion,Förändring från föregående period,2022,12,12,0
Hushållens konsumtion,Förändring från föregående period,2023,12,12,0
Hushållens konsumtion,Förändring från föregående period,2024,12,12,0
Hushållens konsumtion,Förändring från föregående period,2025,12,12,0
Hushållens konsumtion,Förändring från föregående period,2026,8,6,2
Hushållens konsumtion,Konjunkturläge,2000,12,12,0
Hushållens konsumtion,Konjunkturläge,2001,12,12,0
Hushållens konsumtion,Konjunkturläge,2002,12,12,0
Hushållens konsumtion,Konjunkturläge,2003,12,12,0
Hushållens konsumtion,Konjunkturläge,2004,12,12,0
Hushållens konsumtion,Konjunkturläge,2005,12,12,0
Hushållens konsumtion,Konjunkturläge,2006,12,12,0
Hushållens konsumtion,Konjunkturläge,2007,12,12,0
Hushållens konsumtion,Konjunkturläge,2008,12,12,0
Hushållens konsumtion,Konjunkturläge,2009,12,12,0
Hushållens konsumtion,Konjunkturläge,2010,12,12,0
Hushållens konsumtion,Konjunkturläge,2011,12,12,0
Hushållens konsumtion,Konjunkturläge,2012,12,12,0
Hushållens konsumtion,Konjunkturläge,2013,12,12,0
Hushållens konsumtion,Konjunkturläge,2014,12,12,0
Hushållens konsumtion,Konjunkturläge,2015,12,12,0
Hushållens konsumtion,Konjunkturläge,2016,12,12,0
Hushållens konsumtion,Konjunkturläge,2017,12,12,0
Hushållens konsumtion,Konjunkturläge,2018,12,12,0
Hushållens konsumtion,Konjunkturläge,2019,12,12,0
Hushållens konsumtion,Konjunkturläge,2020,12,12,0
Hushållens konsumtion,Konjunkturläge,2021,12,12,0
Hushållens konsumtion,Konjunkturläge,2022,12,12,0
Hushållens konsumtion,Konjunkturläge,2023,12,12,0
Hushållens konsumtion,Konjunkturläge,2024,12,12,0
Hushållens konsumtion,Konjunkturläge,2025,12,12,0
Hushållens konsumtion,Konjunkturläge,2026,8,6,2
Industrins orderingång,Förändring från föregående period,2000,12,11,1
Industrins orderingång,Förändring från föregående period,2001,12,12,0
Industrins orderingång,Förändring från föregående period,2002,12,12,0
Industrins orderingång,Förändring från föregående period,2003,12,12,0
Industrins orderingång,Förändring från föregående period,2004,12,12,0
Industrins orderingång,Förändring från föregående period,2005,12,12,0
Industrins orderingång,Förändring från föregående period,2006,12,12,0
Industrins orderingång,Förändring från föregående period,2007,12,12,0
Industrins orderingång,Förändring från föregående period,2008,12,12,0
Industrins orderingång,Förändring från föregående period,2009,12,12,0
Industrins orderingång,Förändring från föregående period,2010,12,12,0
Industrins orderingång,Förändring från föregående period,2011,12,12,0
Industrins orderingång,Förändring från föregående period,2012,12,12,0
Industrins orderingång,Förändring från föregående period,2013,12,12,0
Industrins orderingång,Förändring från föregående period,2014,12,12,0
Industrins orderingång,Förändring från föregående period,2015,12,12,0
Industrins orderingång,Förändring från föregående period,2016,12,12,0
Industrins orderingång,Förändring från föregående period,2017,12,12,0
Industrins orderingång,Förändring från föregående period,2018,12,12,0
Industrins orderingång,Förändring från föregående period,2019,12,12,0
Industrins orderingång,Förändring från föregående period,2020,12,12,0
Industrins orderingång,Förändring från föregående period,2021,12,12,0
Industrins orderingång,Förändring från föregående period,2022,12,12,0
Industrins orderingång,Förändring från föregående period,2023,12,12,0
Industrins orderingång,Förändring från föregående period,2024,12,12,0
Industrins orderingång,Förändring från föregående period,2025,12,12,0
Industrins orderingång,Förändring från föregående period,2026,8,7,1
Industrins orderingång,Konjunkturläge,2000,12,12,0
Industrins orderingång,Konjunkturläge,2001,12,12,0
Industrins orderingång,Konjunkturläge,2002,12,12,0
Industrins orderingång,Konjunkturläge,2003,12,12,0
Industrins orderingång,Konjunkturläge,2004,12,12,0
Industrins orderingång,Konjunkturläge,2005,12,12,0
Industrins orderingång,Konjunkturläge,2006,12,12,0
Industrins orderingång,Konjunkturläge,2007,12,12,0
Industrins orderingång,Konjunkturläge,2008,12,12,0
Industrins orderingång,Konjunkturläge,2009,12,12,0
Industrins orderingång,Konjunkturläge,2010,12,12,0
Industrins orderingång,Konjunkturläge,2011,12,12,0
Industrins orderingång,Konjunkturläge,2012,12,12,0
Industrins orderingång,Konjunkturläge,2013,12,12,0
Industrins orderingång,Konjunkturläge,2014,12,12,0
Industrins orderingång,Konjunkturläge,2015,12,12,0
Industrins orderingång,Konjunkturläge,2016,12,12,0
Industrins orderingång,Konjunkturläge,2017,12,12,0
Industrins orderingång,Konjunkturläge,2018,12,12,0
Industrins orderingång,Konjunkturläge,2019,12,12,0
Industrins orderingång,Konjunkturläge,2020,12,12,0
Industrins orderingång,Konjunkturläge,2021,12,12,0
Industrins orderingång,Konjunkturläge,2022,12,12,0
Industrins orderingång,Konjunkturläge,2023,12,12,0
Industrins orderingång,Konjunkturläge,2024,12,12,0
Industrins orderingång,Konjunkturläge,2025,12,12,0
Industrins orderingång,Konjunkturläge,2026,8,7,1
Nyregistrerade lastbilar,Förändring från föregående period,2000,12,11,1
Nyregistrerade lastbilar,Förändring från föregående period,2001,12,12,0
Nyregistrerade lastbilar,Förändring från föregående period,2002,12,12,0
Nyregistrerade lastbilar,Förändring från föregående period,2003,12,12,0
Nyregistrerade lastbilar,Förändring från föregående period,2004,12,12,0
Nyregistrerade lastbilar,Förändring från föregående period,2005,12,12,0
Nyregistrerade lastbilar,Förändring från föregående period,2006,12,12,0
Nyregistrerade lastbilar,Förändring från föregående period,2007,12,12,0
Nyregistrerade lastbilar,Förändring från föregående period,2008,12,12,0
Nyregistrerade lastbilar,Förändring från föregående period,2009,12,12,0
Nyregistrerade lastbilar,Förändring från föregående period,2010,12,12,0
Nyregistrerade lastbilar,Förändring från föregående period,2011,12,12,0
Nyregistrerade lastbilar,Förändring från föregående period,2012,12,12,0
Nyregistrerade lastbilar,Förändring från föregående period,2013,12,12,0
Nyregistrerade lastbilar,Förändring från föregående period,2014,12,12,0
Nyregistrerade lastbilar,Förändring från föregående period,2015,12,12,0
Nyregistrerade lastbilar,Förändring från föregående period,2016,12,12,0
Nyregistrerade lastbilar,Förändring från föregående period,2017,12,12,0
Nyregistrerade lastbilar,Förändring från föregående period,2018,12,12,0
Nyregistrerade lastbilar,Förändring från föregående period,2019,12,12,0
Nyregistrerade lastbilar,Förändring från föregående period,2020,12,12,0
Nyregistrerade lastbilar,Förändring från föregående period,2021,12,12,0
Nyregistrerade lastbilar,Förändring från föregående period,2022,12,12,0
Nyregistrerade lastbilar,Förändring från föregående period,2023,12,12,0
Nyregistrerade lastbilar,Förändring från föregående period,2024,12,12,0
Nyregistrerade lastbilar,Förändring från föregående period,2025,12,12,0
Nyregistrerade lastbilar,Förändring från föregående period,2026,8,8,0
Nyregistrerade lastbilar,Konjunkturläge,2000,12,12,0
Nyregistrerade lastbilar,Konjunkturläge,2001,12,12,0
Nyregistrerade lastbilar,Konjunkturläge,2002,12,12,0
Nyregistrerade lastbilar,Konjunkturläge,2003,12,12,0
Nyregistrerade lastbilar,Konjunkturläge,2004,12,12,0
Nyregistrerade lastbilar,Konjunkturläge,2005,12,12,0
Nyregistrerade lastbilar,Konjunkturläge,2006,12,12,0
Nyregistrerade lastbilar,Konjunkturläge,2007,12,12,0
Nyregistrerade lastbilar,Konjunkturläge,2008,12,12,0
Nyregistrerade lastbilar,Konjunkturläge,2009,12,12,0
Nyregistrerade lastbilar,Konjunkturläge,2010,12,12,0
Nyregistrerade lastbilar,Konjunkturläge,2011,12,12,0
Nyregistrerade lastbilar,Konjunkturläge,2012,12,12,0
Nyregistrerade lastbilar,Konjunkturläge,2013,12,12,0
Nyregistrerade lastbilar,Konjunkturläge,2014,12,12,0
Nyregistrerade lastbilar,Konjunkturläge,2015,12,12,0
Nyregistrerade lastbilar,Konjunkturläge,2016,12,12,0
Nyregistrerade lastbilar,Konjunkturläge,2017,12,12,0
Nyregistrerade lastbilar,Konjunkturläge,2018,12,12,0
Nyregistrerade lastbilar,Konjunkturläge,2019,12,12,0
Nyregistrerade lastbilar,Konjunkturläge,2020,12,12,0
Nyregistrerade lastbilar,Konjunkturläge,2021,12,12,0
Nyregistrerade lastbilar,Konjunkturläge,2022,12,12,0
Nyregistrerade lastbilar,Konjunkturläge,2023,12,12,0
Nyregistrerade lastbilar,Konjunkturläge,2024,12,12,0
Nyregistrerade lastbilar,Konjunkturläge,2025,12,12,0
Nyregistrerade lastbilar,Konjunkturläge,2026,8,8,0
Nyregistrerade personbilar,Förändring från föregående period,2000,12,11,1
Nyregistrerade personbilar,Förändring från föregående period,2001,12,12,0
Nyregistrerade personbilar,Förändring från föregående period,2002,12,12,0
Nyregistrerade personbilar,Förändring från föregående period,2003,12,12,0
Nyregistrerade personbilar,Förändring från föregående period,2004,12,12,0
Nyregistrerade personbilar,Förändring från föregående period,2005,12,12,0
Nyregistrerade personbilar,Förändring från föregående period,2006,12,12,0
Nyregistrerade personbilar,Förändring från föregående period,2007,12,12,0
Nyregistrerade personbilar,Förändring från föregående period,2008,12,12,0
Nyregistrerade personbilar,Förändring från föregående period,2009,12,12,0
Nyregistrerade personbilar,Förändring från föregående period,2010,12,12,0
Nyregistrerade personbilar,Förändring från föregående period,2011,12,12,0
Nyregistrerade personbilar,Förändring från föregående period,2012,12,12,0
Nyregistrerade personbilar,Förändring från föregående period,2013,12,12,0
Nyregistrerade personbilar,Förändring från föregående period,2014,12,12,0
Nyregistrerade personbilar,Förändring från föregående period,2015,12,12,0
Nyregistrerade personbilar,Förändring från föregående period,2016,12,12,0
Nyregistrerade personbilar,Förändring från föregående period,2017,12,12,0
Nyregistrerade personbilar,Förändring från föregående period,2018,12,12,0
Nyregistrerade personbilar,Förändring från föregående period,2019,12,12,0
Nyregistrerade personbilar,Förändring från föregående period,2020,12,12,0
Nyregistrerade personbilar,Förändring från föregående period,2021,12,12,0
Nyregistrerade personbilar,Förändring från föregående period,2022,12,12,0
Nyregistrerade personbilar,Förändring från föregående period,2023,12,12,0
Nyregistrerade personbilar,Förändring från föregående period,2024,12,12,0
Nyregistrerade personbilar,Förändring från föregående period,2025,12,12,0
Nyregistrerade personbilar,Förändring från föregående period,2026,8,8,0
Nyregistrerade personbilar,Konjunkturläge,2000,12,12,0
Nyregistrerade personbilar,Konjunkturläge,2001,12,12,0
Nyregistrerade personbilar,Konjunkturläge,2002,12,12,0
Nyregistrerade personbilar,Konjunkturläge,2003,12,12,0
Nyregistrerade personbilar,Konjunkturläge,2004,12,12,0
Nyregistrerade personbilar,Konjunkturläge,2005,12,12,0
Nyregistrerade personbilar,Konjunkturläge,2006,12,12,0
Nyregistrerade personbilar,Konjunkturläge,2007,12,12,0
Nyregistrerade personbilar,Konjunkturläge,2008,12,12,0
Nyregistrerade personbilar,Konjunkturläge,2009,12,12,0
Nyregistrerade personbilar,Konjunkturläge,2010,12,12,0
Nyregistrerade personbilar,Konjunkturläge,2011,12,12,0
Nyregistrerade personbilar,Konjunkturläge,2012,12,12,0
Nyregistrerade personbilar,Konjunkturläge,2013,12,12,0
Nyregistrerade personbilar,Konjunkturläge,2014,12,12,0
Nyregistrerade personbilar,Konjunkturläge,2015,12,12,0
Nyregistrerade personbilar,Konjunkturläge,2016,12,12,0
Nyregistrerade personbilar,Konjunkturläge,2017,12,12,0
Nyregistrerade personbilar,Konjunkturläge,2018,12,12,0
Nyregistrerade personbilar,Konjunkturläge,2019,12,12,0
Nyregistrerade personbilar,Konjunkturläge,2020,12,12,0
Nyregistrerade personbilar,Konjunkturläge,2021,12,12,0
Nyregistrerade personbilar,Konjunkturläge,2022,12,12,0
Nyregistrerade personbilar,Konjunkturläge,2023,12,12,0
Nyregistrerade personbilar,Konjunkturläge,2024,12,12,0
Nyregistrerade personbilar,Konjunkturläge,2025,12,12,0
Nyregistrerade personbilar,Konjunkturläge,2026,8,8,0
Näringslivets efterfrågan,Förändring från föregående period,2000,12,0,12
Näringslivets efterfrågan,Förändring från föregående period,2001,12,0,12
Näringslivets efterfrågan,Förändring från föregående period,2002,12,12,0
Näringslivets efterfrågan,Förändring från föregående period,2003,12,12,0
Näringslivets efterfrågan,Förändring från föregående period,2004,12,12,0
Näringslivets efterfrågan,Förändring från föregående period,2005,12,12,0
Näringslivets efterfrågan,Förändring från föregående period,2006,12,12,0
Näringslivets efterfrågan,Förändring från föregående period,2007,12,12,0
Näringslivets efterfrågan,Förändring från föregående period,2008,12,12,0
Näringslivets efterfrågan,Förändring från föregående period,2009,12,12,0
Näringslivets efterfrågan,Förändring från föregående period,2010,12,12,0
Näringslivets efterfrågan,Förändring från föregående period,2011,12,12,0
Näringslivets efterfrågan,Förändring från föregående period,2012,12,12,0
Näringslivets efterfrågan,Förändring från föregående period,2013,12,12,0
Näringslivets efterfrågan,Förändring från föregående period,2014,12,12,0
Näringslivets efterfrågan,Förändring från föregående period,2015,12,12,0
Näringslivets efterfrågan,Förändring från föregående period,2016,12,12,0
Näringslivets efterfrågan,Förändring från föregående period,2017,12,12,0
Näringslivets efterfrågan,Förändring från föregående period,2018,12,12,0
Näringslivets efterfrågan,Förändring från föregående period,2019,12,12,0
Näringslivets efterfrågan,Förändring från föregående period,2020,12,12,0
Näringslivets efterfrågan,Förändring från föregående period,2021,12,12,0
Näringslivets efterfrågan,Förändring från föregående period,2022,12,12,0
Näringslivets efterfrågan,Förändring från föregående period,2023,12,12,0
Näringslivets efterfrågan,Förändring från föregående period,2024,12,12,0
Näringslivets efterfrågan,Förändring från föregående period,2025,12,12,0
Näringslivets efterfrågan,Förändring från föregående period,2026,8,8,0
Näringslivets efterfrågan,Konjunkturläge,2000,12,0,12
Näringslivets efterfrågan,Konjunkturläge,2001,12,1,11
Näringslivets efterfrågan,Konjunkturläge,2002,12,12,0
Näringslivets efterfrågan,Konjunkturläge,2003,12,12,0
Näringslivets efterfrågan,Konjunkturläge,2004,12,12,0
Näringslivets efterfrågan,Konjunkturläge,2005,12,12,0
Näringslivets efterfrågan,Konjunkturläge,2006,12,12,0
Näringslivets efterfrågan,Konjunkturläge,2007,12,12,0
Näringslivets efterfrågan,Konjunkturläge,2008,12,12,0
Näringslivets efterfrågan,Konjunkturläge,2009,12,12,0
Näringslivets efterfrågan,Konjunkturläge,2010,12,12,0
Näringslivets efterfrågan,Konjunkturläge,2011,12,12,0
Näringslivets efterfrågan,Konjunkturläge,2012,12,12,0
Näringslivets efterfrågan,Konjunkturläge,2013,12,12,0
Näringslivets efterfrågan,Konjunkturläge,2014,12,12,0
Näringslivets efterfrågan,Konjunkturläge,2015,12,12,0
Näringslivets efterfrågan,Konjunkturläge,2016,12,12,0
Näringslivets efterfrågan,Konjunkturläge,2017,12,12,0
Näringslivets efterfrågan,Konjunkturläge,2018,12,12,0
Näringslivets efterfrågan,Konjunkturläge,2019,12,12,0
Näringslivets efterfrågan,Konjunkturläge,2020,12,12,0
Näringslivets efterfrågan,Konjunkturläge,2021,12,12,0
Näringslivets efterfrågan,Konjunkturläge,2022,12,12,0
Näringslivets efterfrågan,Konjunkturläge,2023,12,12,0
Näringslivets efterfrågan,Konjunkturläge,2024,12,12,0
Näringslivets efterfrågan,Konjunkturläge,2025,12,12,0
Näringslivets efterfrågan,Konjunkturläge,2026,8,8,0
Näringslivets produktion,Förändring från föregående period,2000,12,11,1
Näringslivets produktion,Förändring från föregående period,2001,12,12,0
Näringslivets produktion,Förändring från föregående period,2002,12,12,0
Näringslivets produktion,Förändring från föregående period,2003,12,12,0
Näringslivets produktion,Förändring från föregående period,2004,12,12,0
Näringslivets produktion,Förändring från föregående period,2005,12,12,0
Näringslivets produktion,Förändring från föregående period,2006,12,12,0
Näringslivets produktion,Förändring från föregående period,2007,12,12,0
Näringslivets produktion,Förändring från föregående period,2008,12,12,0
Näringslivets produktion,Förändring från föregående period,2009,12,12,0
Näringslivets produktion,Förändring från föregående period,2010,12,12,0
Näringslivets produktion,Förändring från föregående period,2011,12,12,0
Näringslivets produktion,Förändring från föregående period,2012,12,12,0
Näringslivets produktion,Förändring från föregående period,2013,12,12,0
Näringslivets produktion,Förändring från föregående period,2014,12,12,0
Näringslivets produktion,Förändring från föregående period,2015,12,12,0
Näringslivets produktion,Förändring från föregående period,2016,12,12,0
Näringslivets produktion,Förändring från föregående period,2017,12,12,0
Näringslivets produktion,Förändring från föregående period,2018,12,12,0
Näringslivets produktion,Förändring från föregående period,2019,12,12,0
Näringslivets produktion,Förändring från föregående period,2020,12,12,0
Näringslivets produktion,Förändring från föregående period,2021,12,12,0
Näringslivets produktion,Förändring från föregående period,2022,12,12,0
Näringslivets produktion,Förändring från föregående period,2023,12,12,0
Näringslivets produktion,Förändring från föregående period,2024,12,12,0
Näringslivets produktion,Förändring från föregående period,2025,12,12,0
Näringslivets produktion,Förändring från föregående period,2026,8,7,1
Näringslivets produktion,Konjunkturläge,2000,12,12,0
Näringslivets produktion,Konjunkturläge,2001,12,12,0
Näringslivets produktion,Konjunkturläge,2002,12,12,0
Näringslivets produktion,Konjunkturläge,2003,12,12,0
Näringslivets produktion,Konjunkturläge,2004,12,12,0
Näringslivets produktion,Konjunkturläge,2005,12,12,0
Näringslivets produktion,Konjunkturläge,2006,12,12,0
Näringslivets produktion,Konjunkturläge,2007,12,12,0
Näringslivets produktion,Konjunkturläge,2008,12,12,0
Näringslivets produktion,Konjunkturläge,2009,12,12,0
Näringslivets produktion,Konjunkturläge,2010,12,12,0
Näringslivets produktion,Konjunkturläge,2011,12,12,0
Näringslivets produktion,Konjunkturläge,2012,12,12,0
Näringslivets produktion,Konjunkturläge,2013,12,12,0
Näringslivets produktion,Konjunkturläge,2014,12,12,0
Näringslivets produktion,Konjunkturläge,2015,12,12,0
Näringslivets produktion,Konjunkturläge,2016,12,12,0
Näringslivets produktion,Konjunkturläge,2017,12,12,0
Näringslivets produktion,Konjunkturläge,2018,12,12,0
Näringslivets produktion,Konjunkturläge,2019,12,12,0
Näringslivets produktion,Konjunkturläge,2020,12,12,0
Näringslivets produktion,Konjunkturläge,2021,12,12,0
Näringslivets produktion,Konjunkturläge,2022,12,12,0
Näringslivets produktion,Konjunkturläge,2023,12,12,0
Näringslivets produktion,Konjunkturläge,2024,12,12,0
Näringslivets produktion,Konjunkturläge,2025,12,12,0
Näringslivets produktion,Konjunkturläge,2026,8,7,1
Sysselsättning,Förändring från föregående period,2000,12,0,12
Sysselsättning,Förändring från föregående period,2001,12,11,1
Sysselsättning,Förändring från föregående period,2002,12,12,0
Sysselsättning,Förändring från föregående period,2003,12,12,0
Sysselsättning,Förändring från föregående period,2004,12,12,0
Sysselsättning,Förändring från föregående period,2005,12,12,0
Sysselsättning,Förändring från föregående period,2006,12,12,0
Sysselsättning,Förändring från föregående period,2007,12,12,0
Sysselsättning,Förändring från föregående period,2008,12,12,0
Sysselsättning,Förändring från föregående period,2009,12,12,0
Sysselsättning,Förändring från föregående period,2010,12,12,0
Sysselsättning,Förändring från föregående period,2011,12,12,0
Sysselsättning,Förändring från föregående period,2012,12,12,0
Sysselsättning,Förändring från föregående period,2013,12,12,0
Sysselsättning,Förändring från föregående period,2014,12,12,0
Sysselsättning,Förändring från föregående period,2015,12,12,0
Sysselsättning,Förändring från föregående period,2016,12,12,0
Sysselsättning,Förändring från föregående period,2017,12,12,0
Sysselsättning,Förändring från föregående period,2018,12,12,0
Sysselsättning,Förändring från föregående period,2019,12,12,0
Sysselsättning,Förändring från föregående period,2020,12,12,0
Sysselsättning,Förändring från föregående period,2021,12,12,0
Sysselsättning,Förändring från föregående period,2022,12,12,0
Sysselsättning,Förändring från föregående period,2023,12,12,0
Sysselsättning,Förändring från föregående period,2024,12,12,0
Sysselsättning,Förändring från föregående period,2025,12,12,0
Sysselsättning,Förändring från föregående period,2026,8,7,1
Sysselsättning,Konjunkturläge,2000,12,0,12
Sysselsättning,Konjunkturläge,2001,12,12,0
Sysselsättning,Konjunkturläge,2002,12,12,0
Sysselsättning,Konjunkturläge,2003,12,12,0
Sysselsättning,Konjunkturläge,2004,12,12,0
Sysselsättning,Konjunkturläge,2005,12,12,0
Sysselsättning,Konjunkturläge,2006,12,12,0
Sysselsättning,Konjunkturläge,2007,12,12,0
Sysselsättning,Konjunkturläge,2008,12,12,0
Sysselsättning,Konjunkturläge,2009,12,12,0
Sysselsättning,Konjunkturläge,2010,12,12,0
Sysselsättning,Konjunkturläge,2011,12,12,0
Sysselsättning,Konjunkturläge,2012,12,12,0
Sysselsättning,Konjunkturläge,2013,12,12,0
Sysselsättning,Konjunkturläge,2014,12,12,0
Sysselsättning,Konjunkturläge,2015,12,12,0
Sysselsättning,Konjunkturläge,2016,12,12,0
Sysselsättning,Konjunkturläge,2017,12,12,0
Sysselsättning,Konjunkturläge,2018,12,12,0
Sysselsättning,Konjunkturläge,2019,12,12,0
Sysselsättning,Konjunkturläge,2020,12,12,0
Sysselsättning,Konjunkturläge,2021,12,12,0
Sysselsättning,Konjunkturläge,2022,12,12,0
Sysselsättning,Konjunkturläge,2023,12,12,0
Sysselsättning,Konjunkturläge,2024,12,12,0
Sysselsättning,Konjunkturläge,2025,12,12,0
Sysselsättning,Konjunkturläge,2026,8,7,1
Varuexport,Förändring från föregående period,2000,12,11,1
Varuexport,Förändring från föregående period,2001,12,12,0
Varuexport,Förändring från föregående period,2002,12,12,0
Varuexport,Förändring från föregående period,2003,12,12,0
Varuexport,Förändring från föregående period,2004,12,12,0
Varuexport,Förändring från föregående period,2005,12,12,0
Varuexport,Förändring från föregående period,2006,12,12,0
Varuexport,Förändring från föregående period,2007,12,12,0
Varuexport,Förändring från föregående period,2008,12,12,0
Varuexport,Förändring från föregående period,2009,12,12,0
Varuexport,Förändring från föregående period,2010,12,12,0
Varuexport,Förändring från föregående period,2011,12,12,0
Varuexport,Förändring från föregående period,2012,12,12,0
Varuexport,Förändring från föregående period,2013,12,12,0
Varuexport,Förändring från föregående period,2014,12,12,0
Varuexport,Förändring från föregående period,2015,12,12,0
Varuexport,Förändring från föregående period,2016,12,12,0
Varuexport,Förändring från föregående period,2017,12,12,0
Varuexport,Förändring från föregående period,2018,12,12,0
Varuexport,Förändring från föregående period,2019,12,12,0
Varuexport,Förändring från föregående period,2020,12,12,0
Varuexport,Förändring från föregående period,2021,12,12,0
Varuexport,Förändring från föregående period,2022,12,12,0
Varuexport,Förändring från föregående period,2023,12,12,0
Varuexport,Förändring från föregående period,2024,12,12,0
Varuexport,Förändring från föregående period,2025,12,12,0
Varuexport,Förändring från föregående period,2026,8,7,1
Varuexport,Konjunkturläge,2000,12,12,0
Varuexport,Konjunkturläge,2001,12,12,0
Varuexport,Konjunkturläge,2002,12,12,0
Varuexport,Konjunkturläge,2003,12,12,0
Varuexport,Konjunkturläge,2004,12,12,0
Varuexport,Konjunkturläge,2005,12,12,0
Varuexport,Konjunkturläge,2006,12,12,0
Varuexport,Konjunkturläge,2007,12,12,0
Varuexport,Konjunkturläge,2008,12,12,0
Varuexport,Konjunkturläge,2009,12,12,0
Varuexport,Konjunkturläge,2010,12,12,0
Varuexport,Konjunkturläge,2011,12,12,0
Varuexport,Konjunkturläge,2012,12,12,0
Varuexport,Konjunkturläge,2013,12,12,0
Varuexport,Konjunkturläge,2014,12,12,0
Varuexport,Konjunkturläge,2015,12,12,0
Varuexport,Konjunkturläge,2016,12,12,0
Varuexport,Konjunkturläge,2017,12,12,0
Varuexport,Konjunkturläge,2018,12,12,0
Varuexport,Konjunkturläge,2019,12,12,0
Varuexport,Konjunkturläge,2020,12,12,0
Varuexport,Konjunkturläge,2021,12,12,0
Varuexport,Konjunkturläge,2022,12,12,0
Varuexport,Konjunkturläge,2023,12,12,0
Varuexport,Konjunkturläge,2024,12,12,0
Varuexport,Konjunkturläge,2025,12,12,0
Varuexport,Konjunkturläge,2026,8,7,1
Varuimport,Förändring från föregående period,2000,12,11,1
Varuimport,Förändring från föregående period,2001,12,12,0
Varuimport,Förändring från föregående period,2002,12,12,0
Varuimport,Förändring från föregående period,2003,12,12,0
Varuimport,Förändring från föregående period,2004,12,12,0
Varuimport,Förändring från föregående period,2005,12,12,0
Varuimport,Förändring från föregående period,2006,12,12,0
Varuimport,Förändring från föregående period,2007,12,12,0
Varuimport,Förändring från föregående period,2008,12,12,0
Varuimport,Förändring från föregående period,2009,12,12,0
Varuimport,Förändring från föregående period,2010,12,12,0
Varuimport,Förändring från föregående period,2011,12,12,0
Varuimport,Förändring från föregående period,2012,12,12,0
Varuimport,Förändring från föregående period,2013,12,12,0
Varuimport,Förändring från föregående period,2014,12,12,0
Varuimport,Förändring från föregående period,2015,12,12,0
Varuimport,Förändring från föregående period,2016,12,12,0
Varuimport,Förändring från föregående period,2017,12,12,0
Varuimport,Förändring från föregående period,2018,12,12,0
Varuimport,Förändring från föregående period,2019,12,12,0
Varuimport,Förändring från föregående period,2020,12,12,0
Varuimport,Förändring från föregående period,2021,12,12,0
Varuimport,Förändring från föregående period,2022,12,12,0
Varuimport,Förändring från föregående period,2023,12,12,0
Varuimport,Förändring från föregående period,2024,12,12,0
Varuimport,Förändring från föregående period,2025,12,12,0
Varuimport,Förändring från föregående period,2026,8,7,1
Varuimport,Konjunkturläge,2000,12,12,0
Varuimport,Konjunkturläge,2001,12,12,0
Varuimport,Konjunkturläge,2002,12,12,0
Varuimport,Konjunkturläge,2003,12,12,0
Varuimport,Konjunkturläge,2004,12,12,0
Varuimport,Konjunkturläge,2005,12,12,0
Varuimport,Konjunkturläge,2006,12,12,0
Varuimport,Konjunkturläge,2007,12,12,0
Varuimport,Konjunkturläge,2008,12,12,0
Varuimport,Konjunkturläge,2009,12,12,0
Varuimport,Konjunkturläge,2010,12,12,0
Varuimport,Konjunkturläge,2011,12,12,0
Varuimport,Konjunkturläge,2012,12,12,0
Varuimport,Konjunkturläge,2013,12,12,0
Varuimport,Konjunkturläge,2014,12,12,0
Varuimport,Konjunkturläge,2015,12,12,0
Varuimport,Konjunkturläge,2016,12,12,0
Varuimport,Konjunkturläge,2017,12,12,0
Varuimport,Konjunkturläge,2018,12,12,0
Varuimport,Konjunkturläge,2019,12,12,0
Varuimport,Konjunkturläge,2020,12,12,0
Varuimport,Konjunkturläge,2021,12,12,0
Varuimport,Konjunkturläge,2022,12,12,0
Varuimport,Konjunkturläge,2023,12,12,0
Varuimport,Konjunkturläge,2024,12,12,0
Varuimport,Konjunkturläge,2025,12,12,0
Varuimport,Konjunkturläge,2026,8,7,1
