ar,indikator,medel,antal_manader
2000,BNP-indikator månad,0.07833333333333334,12
2000,Hushållens konsumtion,0.4466666666666667,12
2000,Sysselsättning,,0
2001,BNP-indikator månad,-0.1366666666666667,12
2001,Hushållens konsumtion,0.09083333333333334,12
2001,Sysselsättning,0.8033333333333333,12
2002,BNP-indikator månad,-0.42333333333333334,12
2002,Hushållens konsumtion,-0.24416666666666667,12
2002,Sysselsättning,0.5091666666666667,12
2003,BNP-indikator månad,-0.9249999999999999,12
2003,Hushållens konsumtion,-0.5533333333333333,12
2003,Sysselsättning,-0.11666666666666665,12
2004,BNP-indikator månad,-0.25916666666666666,12
2004,Hushållens konsumtion,-0.9291666666666667,12
2004,Sysselsättning,-0.9958333333333335,12
2005,BNP-indikator månad,0.215,12
2005,Hushållens konsumtion,-0.1225,12
2005,Sysselsättning,-1.2933333333333332,12
2006,BNP-indikator månad,1.4233333333333336,12
2006,Hushållens konsumtion,0.8574999999999999,12
2006,Sysselsättning,-0.19833333333333333,12
2007,BNP-indikator månad,2.3575,12
2007,Hushållens konsumtion,1.9375,12
2007,Sysselsättning,1.6058333333333332,12
2008,BNP-indikator månad,1.0658333333333334,12
2008,Hushållens konsumtion,0.4875,12
2008,Sysselsättning,1.9508333333333334,12
2009,BNP-indikator månad,-2.1366666666666667,12
2009,Hushållens konsumtion,-1.0866666666666667,12
2009,Sysselsättning,-1.05,12
2010,BNP-indikator månad,-0.37916666666666665,12
2010,Hushållens konsumtion,-0.21083333333333332,12
2010,Sysselsättning,-1.3558333333333332,12
2011,BNP-indikator månad,0.41333333333333333,12
2011,Hushållens konsumtion,-0.6366666666666667,12
2011,Sysselsättning,-0.1425,12
2012,BNP-indikator månad,-0.7425,12
2012,Hushållens konsumtion,-1.0841666666666667,12
2012,Sysselsättning,-0.4825,12
2013,BNP-indikator månad,-1.345,12
2013,Hushållens konsumtion,-1.0008333333333332,12
2013,Sysselsättning,-0.7158333333333333,12
2014,BNP-indikator månad,-1.0725,12
2014,Hushållens konsumtion,-0.8116666666666666,12
2014,Sysselsättning,-0.4041666666666666,12
2015,BNP-indikator månad,0.18166666666666667,12
2015,Hushållens konsumtion,-0.2041666666666667,12
2015,Sysselsättning,-0.3025,12
2016,BNP-indikator månad,0.2975,12
2016,Hushållens konsumtion,0.9516666666666667,12
2016,Sysselsättning,-0.009999999999999995,12
2017,BNP-indikator månad,0.4375,12
2017,Hushållens konsumtion,0.9533333333333335,12
2017,Sysselsättning,1.0916666666666666,12
2018,BNP-indikator månad,0.2175,12
2018,Hushållens konsumtion,1.3341666666666667,12
2018,Sysselsättning,1.51,12
2019,BNP-indikator månad,0.8725,12
2019,Hushållens konsumtion,0.8916666666666666,12
2019,Sysselsättning,1.1458333333333333,12
2020,BNP-indikator månad,-0.19000000000000003,12
2020,Hushållens konsumtion,0.4575,12
2020,Sysselsättning,-0.5591666666666667,12
2021,BNP-indikator månad,0.6733333333333333,12
2021,Hushållens konsumtion,0.5850000000000001,12
2021,Sysselsättning,-1.2891666666666668,12
2022,BNP-indikator månad,0.7241666666666666,12
2022,Hushållens konsumtion,1.1608333333333334,12
2022,Sysselsättning,0.7216666666666667,12
2023,BNP-indikator månad,-0.46416666666666667,12
2023,Hushållens konsumtion,-1.6825,12
2023,Sysselsättning,0.6383333333333333,12
2024,BNP-indikator månad,-0.7466666666666667,12
2024,Hushållens konsumtion,-1.6958333333333335,12
2024,Sysselsättning,-0.18083333333333332,12
2025,BNP-indikator månad,-0.3766666666666667,12
2025,Hushållens konsumtion,-0.3625,12
2025,Sysselsättning,-0.8041666666666667,12
